tr|A0B5T7|A0B5T7_METTP,EC:3.6.1.54/0.0000,EC:2.3.1.265/0.0000
tr|A0B5W5|A0B5W5_METTP,EC:1.2.7.4/0.9367
tr|A0B5Z1|A0B5Z1_METTP,EC:1.5.3.22/0.0001
tr|A0B6R9|A0B6R9_METTP,EC:2.7.13.3/0.0005,EC:4.2.3.55/0.0004
tr|A0B6Z3|A0B6Z3_METTP,EC:1.15.1.1/0.0148
tr|A0B7F1|A0B7F1_METTP,EC:1.4.3.2/0.0000
tr|A0B7J1|A0B7J1_METTP,EC:2.1.1.86/0.0000
tr|A0B7J2|A0B7J2_METTP,EC:2.1.1.86/0.0000,EC:3.2.1.22/0.0000
tr|A0B7N6|A0B7N6_METTP,EC:1.1.98.7/0.0000
tr|A0B7T7|A0B7T7_METTP,EC:1.8.98.6/0.0000
tr|A0B7Z8|A0B7Z8_METTP,EC:1.14.19.47/0.0000,EC:1.14.19.38/0.0000,EC:3.4.21.32/0.0000,EC:7.2.2.13/0.0000,EC:7.2.1.2/0.0000
tr|A0B8F2|A0B8F2_METTP,EC:6.2.1.1/0.9877
tr|A0B8W6|A0B8W6_METTP,EC:3.4.25.1/0.8646
sp|A0B9K2|AATA_METTP,EC:7.1.2.2/0.9934,EC:7.2.2.1/0.9927
tr|A0B9U3|A0B9U3_METTP,EC:3.2.2.22/0.0278
tr|A0LE81|A0LE81_SYNFM,EC:1.2.5.3/0.0017
tr|A0LE82|A0LE82_SYNFM,EC:1.17.1.9/0.5472
tr|A0LE87|A0LE87_SYNFM,EC:1.17.2.3/0.9910
tr|A0LE88|A0LE88_SYNFM,EC:1.97.1.9/0.8915
sp|A0LEC9|ENO_SYNFM,EC:4.2.1.11/0.9987
sp|A0LEH2|CH601_SYNFM,EC:5.6.1.7/0.9988
tr|A0LEV9|A0LEV9_SYNFM,EC:3.6.4.10/0.8905
tr|A0LEY5|A0LEY5_SYNFM,EC:1.1.1.176/0.0000
tr|A0LF13|A0LF13_SYNFM,EC:3.4.24.21/0.0000,EC:4.2.1.139/0.0000
tr|A0LF20|A0LF20_SYNFM,EC:4.2.1.154/0.0056
tr|A0LF38|A0LF38_SYNFM,EC:1.6.5.2/0.0000
tr|A0LFF3|A0LFF3_SYNFM,EC:5.1.99.1/0.5871
tr|A0LFF5|A0LFF5_SYNFM,EC:2.7.2.3/0.0007
tr|A0LFF6|A0LFF6_SYNFM,EC:5.4.99.2/0.1269
tr|A0LFF9|A0LFF9_SYNFM,EC:2.1.3.1/0.2527
tr|A0LFH3|A0LFH3_SYNFM,EC:2.1.1.86/0.0032,EC:1.5.98.1/0.0021
tr|A0LFJ0|A0LFJ0_SYNFM,EC:3.2.1.155/0.0000
tr|A0LFV7|A0LFV7_SYNFM,EC:1.8.5.5/0.0029
tr|A0LFX1|A0LFX1_SYNFM,EC:2.7.13.3/0.0001
tr|A0LG79|A0LG79_SYNFM,EC:5.2.1.8/0.0014
tr|A0LGH9|A0LGH9_SYNFM,EC:1.1.1.1/0.0000
tr|A0LGK7|A0LGK7_SYNFM,EC:1.1.1.1/0.0001
tr|A0LH28|A0LH28_SYNFM,EC:3.6.4.10/0.5961
tr|A0LH39|A0LH39_SYNFM,EC:1.2.1.58/0.0002
tr|A0LH40|A0LH40_SYNFM,EC:1.8.99.2/0.9965
tr|A0LHL1|A0LHL1_SYNFM,EC:5.3.1.32/0.0003
tr|A0LHL3|A0LHL3_SYNFM,EC:6.4.1.3/0.0923
tr|A0LHS6|A0LHS6_SYNFM,EC:1.8.7.3/0.7451
tr|A0LHS7|A0LHS7_SYNFM,EC:1.8.7.3/0.0034
sp|A0LI20|RISB_SYNFM,EC:2.5.1.78/0.9968
tr|A0LI60|A0LI60_SYNFM,EC:3.1.11.6/0.0000
sp|A0LIH6|EFTU_SYNFM,EC:3.6.5.3/0.1050
sp|A0LIJ6|RS3_SYNFM,EC:3.1.26.5/0.0002
tr|A0LIP6|A0LIP6_SYNFM,EC:2.1.1.86/0.0047
tr|A0LIW6|A0LIW6_SYNFM,EC:1.1.1.1/0.0099
tr|A0LIW7|A0LIW7_SYNFM,EC:2.2.1.6/0.0459
tr|A0LIY7|A0LIY7_SYNFM,EC:6.2.1.5/0.8556,EC:6.2.1.4/0.8489
sp|A0LIY8|SUCC_SYNFM,EC:6.2.1.5/0.9973
tr|A0LJ30|A0LJ30_SYNFM,EC:3.2.1.4/0.0008
tr|A0LJ75|A0LJ75_SYNFM,EC:2.4.1.14/0.0000
tr|A0LJ79|A0LJ79_SYNFM,EC:1.8.7.3/0.9804,EC:1.8.98.4/0.9769
tr|A0LJ81|A0LJ81_SYNFM,EC:4.3.2.1/0.0000
tr|A0LJ84|A0LJ84_SYNFM,EC:1.8.7.3/0.0001
tr|A0LJ85|A0LJ85_SYNFM,EC:2.6.1.45/0.0004,EC:2.1.1.86/0.0003
tr|A0LJ87|A0LJ87_SYNFM,EC:1.8.7.3/0.8523,EC:1.8.98.4/0.8046
tr|A0LJA1|A0LJA1_SYNFM,EC:2.7.7.6/0.0906
tr|A0LJQ2|A0LJQ2_SYNFM,EC:1.12.98.4/0.1464
tr|A0LJS9|A0LJS9_SYNFM,EC:1.3.5.4/0.9786
tr|A0LJT0|A0LJT0_SYNFM,EC:1.3.5.4/0.9767
tr|A0LJW6|A0LJW6_SYNFM,EC:3.2.2.22/0.0000
tr|A0LJX5|A0LJX5_SYNFM,EC:3.13.1.5/0.0001,EC:2.1.1.86/0.0001
tr|A0LK38|A0LK38_SYNFM,EC:7.2.1.2/0.0000
tr|A0LK40|A0LK40_SYNFM,EC:1.15.1.1/0.0005,EC:4.2.2.7/0.0003
tr|A0LK41|A0LK41_SYNFM,EC:1.14.14.18/0.0001,EC:1.14.99.48/0.0000,EC:2.7.13.3/0.0000
tr|A0LKL5|A0LKL5_SYNFM,EC:4.2.2.7/0.0001
tr|A0LKR5|A0LKR5_SYNFM,EC:5.3.2.2/0.9829
tr|A0LKR9|A0LKR9_SYNFM,EC:1.11.1.24/0.9858
sp|A0LKS4|CH602_SYNFM,EC:5.6.1.7/0.9986
tr|A0LLD9|A0LLD9_SYNFM,EC:2.1.1.258/0.0104
tr|A0LLE1|A0LLE1_SYNFM,EC:2.3.1.169/0.0805
tr|A0LLE2|A0LLE2_SYNFM,EC:1.2.7.4/0.9944
tr|A0LLE3|A0LLE3_SYNFM,EC:2.1.1.86/0.0013
sp|A0LLF8|ATPB_SYNFM,EC:7.2.2.1/0.9979,EC:7.1.2.2/0.9972
sp|A0LLG0|ATPA_SYNFM,EC:7.2.2.1/0.9976,EC:7.1.2.2/0.9973
sp|A0LLG1|ATPD_SYNFM,EC:2.7.7.6/0.0012
sp|A0LLR2|FOLD_SYNFM,EC:3.5.4.9/0.9807,EC:1.5.1.5/0.9798
sp|A0LLR3|FTHS_SYNFM,EC:6.3.4.3/0.9438
tr|A0LLS9|A0LLS9_SYNFM,EC:7.2.1.2/0.0542
tr|A0LLT0|A0LLT0_SYNFM,EC:1.12.1.3/0.9331
tr|A0LLT8|A0LLT8_SYNFM,EC:1.12.1.3/0.1064
tr|A0LLT9|A0LLT9_SYNFM,EC:1.12.1.3/0.9786
tr|A0LLU0|A0LLU0_SYNFM,EC:1.12.1.3/0.0005,EC:1.12.1.2/0.0004
tr|A0LLX0|A0LLX0_SYNFM,EC:1.14.14.1/0.0001
tr|A0LM18|A0LM18_SYNFM,EC:1.2.7.1/0.9870
tr|A0LM19|A0LM19_SYNFM,EC:1.2.7.7/0.0040
tr|A0LM20|A0LM20_SYNFM,EC:1.2.7.1/0.3016,EC:1.2.7.7/0.2458,EC:1.2.7.10/0.2193
tr|A0LM21|A0LM21_SYNFM,EC:1.2.7.1/0.9748
tr|A0LMD3|A0LMD3_SYNFM,EC:1.97.1.9/0.0000
sp|A0LMD8|GLMM_SYNFM,EC:5.4.2.10/0.9984
tr|A0LMH5|A0LMH5_SYNFM,EC:1.12.2.1/0.9466
tr|A0LML7|A0LML7_SYNFM,EC:7.1.3.1/0.9989
tr|A0LMX6|A0LMX6_SYNFM,EC:1.1.1.1/0.0018
tr|A0LN34|A0LN34_SYNFM,EC:1.14.13.160/0.0001
tr|A0LP14|A0LP14_SYNFM,EC:1.97.1.1/0.0001
tr|A0LP28|A0LP28_SYNFM,EC:1.17.1.9/0.0029,EC:1.17.98.4/0.0020,EC:1.7.5.1/0.0016
tr|A0LP29|A0LP29_SYNFM,EC:1.17.2.3/0.9959
tr|A0LP42|A0LP42_SYNFM,EC:3.2.1.1/0.0003,EC:3.2.2.6/0.0002
tr|A0LPP1|A0LPP1_SYNFM,EC:1.1.1.1/0.0001
tr|A0LQK7|A0LQK7_SYNFM,EC:1.8.99.5/0.9924
tr|A0LQN2|A0LQN2_SYNFM,EC:1.1.1.352/0.0005
tr|A1ALG5|A1ALG5_PELPD,EC:1.1.1.1/0.4666,EC:1.1.1.284/0.4413
sp|A1ALS6|EFTU_PELPD,EC:3.6.5.3/0.0426
tr|A1AM16|A1AM16_PELPD,EC:1.2.1.76/0.8074
tr|A1AME6|A1AME6_PELPD,EC:1.1.1.1/0.1599,EC:1.1.1.284/0.1440,EC:1.1.1.244/0.1115
tr|A1AMF2|A1AMF2_PELPD,EC:1.1.1.51/0.0000,EC:1.14.14.1/0.0000,EC:4.1.99.11/0.0000
tr|A1AMP4|A1AMP4_PELPD,EC:3.6.1.45/0.0000
tr|A1AMU9|A1AMU9_PELPD,EC:3.1.1.77/0.0002
tr|A1AN37|A1AN37_PELPD,EC:1.15.1.2/0.9933
tr|A1ANB0|A1ANB0_PELPD,EC:3.1.1.4/0.0005
tr|A1AP96|A1AP96_PELPD,EC:1.2.99.7/0.9752
tr|A1APK0|A1APK0_PELPD,EC:3.6.4.10/0.0001
tr|A1APK1|A1APK1_PELPD,EC:3.2.2.22/0.0052,EC:4.6.1.23/0.0028
tr|A1AQ43|A1AQ43_PELPD,EC:2.1.1.86/0.0992
tr|A1AQI8|A1AQI8_PELPD,EC:3.1.1.3/0.0002
tr|A1ATN6|A1ATN6_PELPD,EC:3.2.2.22/0.0000
tr|A1ATR7|A1ATR7_PELPD,EC:1.3.7.15/0.0000
tr|A1AUT8|A1AUT8_PELPD,EC:1.12.1.3/0.9728
tr|A1AUT9|A1AUT9_PELPD,EC:1.12.1.3/0.9307
tr|A1AUU0|A1AUU0_PELPD,EC:1.12.1.3/0.9832
tr|A1E5U5|A1E5U5_FLAJ1,EC:3.2.2.22/0.0175
tr|A1HPY3|A1HPY3_9FIRM,EC:3.1.1.74/0.0005
tr|A1HRY1|A1HRY1_9FIRM,EC:1.15.1.2/0.8553
tr|A1K517|A1K517_AZOSB,EC:1.14.14.99/0.0000,EC:3.4.24.39/0.0000
tr|A1SAK9|A1SAK9_SHEAM,EC:3.1.21.1/0.0002,EC:3.4.19.1/0.0001
tr|A1XWG6|A1XWG6_9EURY,EC:1.12.2.1/0.0008
tr|A1ZF80|A1ZF80_MICM2,EC:2.7.1.51/0.0000
tr|A1ZG18|A1ZG18_MICM2,EC:3.6.4.10/0.0002
tr|A2SQN3|A2SQN3_METLZ,EC:1.1.1.383/0.0000
tr|A2Z7F8|A2Z7F8_ORYSI,EC:2.3.2.27/0.0001
sp|A3CWQ6|Y1880_METMJ,EC:1.12.5.1/0.0000,EC:1.12.2.1/0.0000,EC:1.12.99.6/0.0000,EC:2.8.4.1/0.0000,EC:6.3.1.2/0.0000
tr|A3QI07|A3QI07_SHELP,EC:1.4.9.2/0.0010
tr|A4CPY2|A4CPY2_ROBBH,EC:3.2.2.22/0.0001
tr|A4IMH3|A4IMH3_GEOTN,EC:2.9.1.2/0.0000
tr|A4J1J9|A4J1J9_DESRM,EC:2.8.3.12/0.5096
tr|A4J430|A4J430_DESRM,EC:2.2.1.6/0.0101
tr|A4J5R0|A4J5R0_DESRM,EC:2.8.3.12/0.3931
tr|A4XIP4|A4XIP4_CALS8,EC:3.2.2.22/0.0000
tr|A5D0L8|A5D0L8_PELTS,EC:2.8.3.12/0.9903
tr|A5D0L9|A5D0L9_PELTS,EC:4.1.1.83/0.0000
tr|A5D4P0|A5D4P0_PELTS,EC:1.1.1.202/0.1240,EC:1.1.1.1/0.0687,EC:1.1.1.244/0.0438,EC:1.1.1.284/0.0284,EC:1.1.1.77/0.0284
tr|A5D4X5|A5D4X5_PELTS,EC:1.1.1.202/0.6062,EC:1.1.1.244/0.3288
sp|A5G3J9|RISB_GEOUR,EC:2.5.1.78/0.9980
tr|A5G3N6|A5G3N6_GEOUR,EC:5.1.3.37/0.0001
tr|A5G3P3|A5G3P3_GEOUR,EC:6.3.1.2/0.9953,EC:5.4.4.3/0.9946
tr|A5G481|A5G481_GEOUR,EC:1.1.1.1/0.3389,EC:1.1.1.284/0.3242,EC:1.1.1.244/0.2606,EC:1.1.1.202/0.1985
tr|A5G485|A5G485_GEOUR,EC:1.1.1.50/0.0001
tr|A5G4Y3|A5G4Y3_GEOUR,EC:3.2.2.22/0.0004
tr|A5G5W5|A5G5W5_GEOUR,EC:3.2.2.22/0.0008
tr|A5G5Z0|A5G5Z0_GEOUR,EC:1.3.8.11/0.2704
tr|A5G6R8|A5G6R8_GEOUR,EC:3.2.1.8/0.0003
tr|A5G6T1|A5G6T1_GEOUR,EC:4.1.1.4/0.0000
tr|A5G7G1|A5G7G1_GEOUR,EC:3.4.24.40/0.0002,EC:1.1.1.50/0.0001
tr|A5G7S6|A5G7S6_GEOUR,EC:1.3.7.15/0.0000,EC:2.6.1.35/0.0000,EC:1.12.7.2/0.0000,EC:1.14.13.25/0.0000
sp|A5G9I2|CH60_GEOUR,EC:5.6.1.7/0.9986
tr|A5GAJ1|A5GAJ1_GEOUR,EC:1.2.7.6/0.3996
sp|A5GAW4|EFTU_GEOUR,EC:3.6.5.3/0.0562
tr|A5GB32|A5GB32_GEOUR,EC:1.2.99.7/0.9799
sp|A5GDC8|DNAK_GEOUR,EC:3.6.4.10/0.8450
tr|A5GDM1|A5GDM1_GEOUR,EC:3.2.1.4/0.0002
tr|A5GEA2|A5GEA2_GEOUR,EC:3.1.1.3/0.0001
tr|A5GEY9|A5GEY9_GEOUR,EC:1.17.4.1/0.0000
tr|A5GEZ5|A5GEZ5_GEOUR,EC:3.6.4.12/0.0025
tr|A5GFL7|A5GFL7_GEOUR,EC:3.4.24.84/0.0001
tr|A5P862|A5P862_9SPHN,EC:3.4.15.1/0.0007
tr|A5UQR3|A5UQR3_ROSS1,EC:5.4.99.2/0.8290
tr|A5USL7|A5USL7_ROSS1,EC:1.12.2.1/0.0000
sp|A5UU55|GLPK_ROSS1,EC:2.7.1.30/0.9960
tr|A6EE43|A6EE43_9SPHI,EC:1.1.99.30/0.0000,EC:3.6.4.10/0.0000
tr|A6EIZ1|A6EIZ1_9SPHI,EC:2.7.13.3/0.0000
tr|A6L9B4|A6L9B4_PARD8,EC:1.14.14.1/0.0001,EC:3.4.24.1/0.0000
tr|A6L9R5|A6L9R5_PARD8,EC:3.1.1.32/0.0003,EC:3.1.1.5/0.0002,EC:2.3.1.48/0.0002
tr|A6NX83|A6NX83_9FIRM,EC:1.2.1.12/0.9974
tr|A6TX53|A6TX53_ALKMQ,EC:2.2.1.6/0.0002
tr|A6UDY8|A6UDY8_SINMW,EC:2.6.1.77/0.0000
tr|A6YCY2|A6YCY2_9BACT,EC:1.12.1.2/0.0012,EC:3.4.23.3/0.0010
tr|A6YCY5|A6YCY5_9BACT,EC:1.8.99.2/0.9973
tr|A6ZJR7|A6ZJR7_9BACT,EC:1.8.99.2/0.9974
tr|A7GZ48|A7GZ48_CAMC5,EC:3.2.2.17/0.0001
sp|A7HGP8|CH602_ANADF,EC:5.6.1.7/0.9979
tr|A7HJ85|A7HJ85_FERNB,EC:1.4.9.1/0.0026,EC:3.2.2.22/0.0023
tr|A7HKG1|A7HKG1_FERNB,EC:4.1.1.74/0.0124
tr|A7HSX4|A7HSX4_PARL1,EC:1.1.1.53/0.0688
sp|A7I5N7|MTD_METB6,EC:1.5.98.1/0.9872
tr|A7I5S3|A7I5S3_METB6,EC:2.1.1.86/0.0778
tr|A7I5T9|A7I5T9_METB6,EC:2.8.4.1/0.9897
tr|A7I5U3|A7I5U3_METB6,EC:2.8.4.1/0.9881
tr|A7NFW8|A7NFW8_ROSCS,EC:3.1.21.4/0.2720
tr|A7NKW2|A7NKW2_ROSCS,EC:2.7.1.121/0.7682
tr|A7ZRT4|A7ZRT4_ECO24,EC:2.7.7.89/0.9989,EC:2.7.7.42/0.9989
tr|A8F4W7|A8F4W7_PSELT,EC:1.3.1.3/0.0000
tr|A8F5J2|A8F5J2_PSELT,EC:3.2.1.14/0.0001
tr|A8F6K8|A8F6K8_PSELT,EC:2.4.1.132/0.0000,EC:2.4.1.257/0.0000,EC:2.1.1.210/0.0000
tr|A8F8E4|A8F8E4_PSELT,EC:1.3.1.48/0.0000
tr|A8F8V7|A8F8V7_PSELT,EC:3.4.21.62/0.0195
tr|A8MEU2|A8MEU2_ALKOO,EC:3.5.2.20/0.0006
tr|A8MFW8|A8MFW8_ALKOO,EC:1.21.4.2/0.5757,EC:1.21.4.3/0.3752,EC:1.21.4.4/0.3701
sp|A8MG11|GLPK_ALKOO,EC:2.7.1.30/0.9980
tr|A8MM21|A8MM21_ALKOO,EC:4.2.3.195/0.0000
tr|A8NPE3|A8NPE3_COPC7,EC:3.4.22.45/0.0197
tr|A8UKK6|A8UKK6_9FLAO,EC:5.4.99.2/0.9950
tr|A8XIG3|A8XIG3_CAEBR,EC:2.1.1.355/0.4115
tr|A8ZRW8|A8ZRW8_DESOH,EC:2.1.3.1/0.5995
tr|A8ZVJ1|A8ZVJ1_DESOH,EC:1.1.1.37/0.9973
tr|A9A0K8|A9A0K8_DESOH,EC:2.7.10.1/0.0001
tr|A9B0X0|A9B0X0_HERA2,EC:3.2.1.1/0.0260,EC:3.2.1.14/0.0252,EC:2.4.1.19/0.0138
tr|A9B3H3|A9B3H3_HERA2,EC:3.4.21.32/0.0000,EC:1.3.1.32/0.0000
tr|A9BES8|A9BES8_PETMO,EC:2.1.1.86/0.0015
tr|A9BG31|A9BG31_PETMO,EC:2.5.1.2/0.0000
tr|A9BG52|A9BG52_PETMO,EC:4.1.2.25/0.0129
tr|A9BGI1|A9BGI1_PETMO,EC:7.2.1.1/0.0000
tr|A9BGN9|A9BGN9_PETMO,EC:1.4.1.3/0.9925
tr|A9BH12|A9BH12_PETMO,EC:2.1.1.267/0.0000,EC:3.4.21.32/0.0000
tr|A9F1K7|A9F1K7_SORC5,EC:2.7.8.20/0.0000,EC:1.14.14.1/0.0000,EC:4.2.1.152/0.0000
tr|A9KKM8|A9KKM8_LACP7,EC:4.2.1.152/0.0000
tr|A9LA76|A9LA76_AVEFL,EC:2.7.7.49/0.0022
tr|A9MLQ2|A9MLQ2_SALAR,EC:4.2.1.28/0.5059
tr|B0B5L4|B0B5L4_CLOBO,EC:1.1.1.205/0.9905
tr|B0P7U5|B0P7U5_9FIRM,EC:1.1.1.1/0.0001
tr|B0TD59|B0TD59_HELMI,EC:2.7.10.1/0.0000,EC:2.4.2.30/0.0000
tr|B0TJ27|B0TJ27_SHEHH,EC:2.4.1.198/0.0001,EC:3.4.19.1/0.0001
tr|B0VF50|B0VF50_CLOAI,EC:3.2.2.22/0.0009
tr|B0VG09|B0VG09_CLOAI,EC:3.2.2.22/0.0058
tr|B0VGC9|B0VGC9_CLOAI,EC:3.6.5.3/0.2351
tr|B0VGN2|B0VGN2_CLOAI,EC:3.2.1.151/0.0000
tr|B0VGQ0|B0VGQ0_CLOAI,EC:3.1.1.76/0.0000
tr|B0VH79|B0VH79_CLOAI,EC:3.4.24.76/0.0000
tr|B0VIW3|B0VIW3_CLOAI,EC:3.6.4.10/0.0002,EC:2.7.13.3/0.0002
tr|B0VJT7|B0VJT7_CLOAI,EC:1.4.9.1/0.0061,EC:3.1.1.4/0.0054
tr|B1HME3|B1HME3_LYSSC,EC:5.3.4.1/0.0003
tr|B1I6G0|B1I6G0_DESAP,EC:3.2.2.22/0.0506
tr|B1L5S6|B1L5S6_KORCO,EC:3.4.21.32/0.0000
tr|B1ZL74|B1ZL74_METPB,EC:1.1.1.95/0.9834,EC:1.1.1.399/0.9782
tr|B2AE47|B2AE47_PODAN,EC:2.3.1.48/0.0098
tr|B2G4R2|B2G4R2_ZYGRO,EC:6.4.1.3/0.1952
tr|B2J696|B2J696_NOSP7,EC:3.5.4.4/0.0293
tr|B2RIQ2|B2RIQ2_PORG3,EC:2.3.1.48/0.0001,EC:3.1.1.32/0.0001
sp|B2S3Z5|FMT_TREPS,EC:2.1.2.9/0.9948
tr|B2UP90|B2UP90_AKKM8,EC:1.4.1.4/0.9976
tr|B2YK70|B2YK70_9BACT,EC:5.6.1.7/0.8145
tr|B3E2Z7|B3E2Z7_TRIL1,EC:3.4.16.4/0.0000,EC:3.1.1.107/0.0000
sp|B3E7U1|RS3_TRIL1,EC:3.1.26.5/0.0004,EC:2.7.7.6/0.0002
tr|B3E8W6|B3E8W6_TRIL1,EC:4.2.2.17/0.0007
tr|B3EBN8|B3EBN8_TRIL1,EC:3.6.4.12/0.0005
tr|B3G2A2|B3G2A2_PSEAI,EC:1.14.19.49/0.0002
tr|A0A384LNN1|A0A384LNN1_PLAKH,EC:2.7.4.24/0.9668
sp|B3QSH8|MDH_CHLT3,EC:1.1.1.37/0.9818
tr|B4CVQ4|B4CVQ4_9BACT,EC:4.2.1.152/0.0002
tr|B4CX72|B4CX72_9BACT,EC:5.4.4.8/0.0073,EC:4.2.2.1/0.0033,EC:4.2.2.20/0.0015
tr|B4S6Z2|B4S6Z2_PROA2,EC:1.5.99.12/0.0658,EC:4.2.1.1/0.0308
tr|B4Y5E5|B4Y5E5_9ORYZ,EC:3.2.2.6/0.0052,EC:2.3.2.27/0.0048
tr|B5EF48|B5EF48_CITBB,EC:3.1.3.54/0.0000,EC:3.6.1.45/0.0000
tr|B5EFW8|B5EFW8_CITBB,EC:3.4.24.84/0.0000
tr|B5EH99|B5EH99_CITBB,EC:3.2.1.8/0.0010,EC:3.2.1.4/0.0007
tr|B5EHZ5|B5EHZ5_CITBB,EC:2.8.4.1/0.0192
tr|B5EIK7|B5EIK7_CITBB,EC:1.1.1.244/0.4395
tr|B5EIT2|B5EIT2_CITBB,EC:3.1.1.75/0.0137
tr|B5JJF7|B5JJF7_9BACT,EC:3.2.2.22/0.1004
tr|B5YFG4|B5YFG4_DICT6,EC:1.2.1.12/0.9967
tr|B5YL88|B5YL88_THEYD,EC:2.4.1.198/0.0001,EC:1.14.14.1/0.0000
tr|B5YLC0|B5YLC0_THEYD,EC:3.4.17.6/0.0004,EC:3.2.1.4/0.0003
tr|B6BGJ6|B6BGJ6_SULGG,EC:2.7.13.3/0.9790
tr|B6BMC3|B6BMC3_SULGG,EC:3.6.4.12/0.0001
tr|B6WSF6|B6WSF6_9BACT,EC:1.1.1.330/0.0005
tr|B7KGG6|B7KGG6_GLOC7,EC:3.2.1.129/0.0000
tr|B7KIF9|B7KIF9_GLOC7,EC:1.3.7.12/0.0004,EC:1.3.7.5/0.0003
sp|B7N7Q5|DAPB_ECOLU,EC:1.17.1.8/0.9971
tr|B7NFN9|B7NFN9_ECOLU,EC:1.1.1.3/0.8705
tr|B7PPD6|B7PPD6_IXOSC,EC:3.4.19.13/0.9980,EC:2.3.2.2/0.9980
tr|B8ANZ8|B8ANZ8_ORYSI,EC:5.3.4.1/0.0002
tr|B8B5C2|B8B5C2_ORYSI,EC:3.2.2.6/0.0072
tr|B8DYN4|B8DYN4_DICTD,EC:1.12.98.1/0.0022
tr|B8DZR4|B8DZR4_DICTD,EC:2.2.1.1/0.0001
tr|B8FDP0|B8FDP0_DESAL,EC:2.1.1.86/0.0001
tr|B8FJZ5|B8FJZ5_DESAL,EC:3.1.3.3/0.0004
tr|B8FKZ3|B8FKZ3_DESAL,EC:2.4.1.19/0.0007
tr|B8FN40|B8FN40_DESAL,EC:3.2.2.22/0.0009
tr|B8FNQ1|B8FNQ1_DESAL,EC:3.2.1.4/0.0009
sp|B8GDH2|MCH_METPE,EC:3.5.4.27/0.9975
tr|B8GE86|B8GE86_METPE,EC:5.4.2.12/0.0000
tr|B8GE89|B8GE89_METPE,EC:2.8.4.1/0.9896
tr|B8GEJ2|B8GEJ2_METPE,EC:2.4.2.30/0.0014,EC:3.2.2.22/0.0010
sp|B8GEZ3|PSA_METPE,EC:3.4.25.1/0.9941
tr|B8GI77|B8GI77_METPE,EC:5.6.1.7/0.9462
sp|B8GIQ3|EF1A_METPE,EC:3.6.5.3/0.4475
sp|B8GJQ7|MTD_METPE,EC:1.5.98.1/0.9897
tr|B8J2S0|B8J2S0_DESDA,EC:1.1.1.202/0.7919
tr|B9DZY1|B9DZY1_CLOK1,EC:2.2.1.6/0.0001
tr|B9K9Q1|B9K9Q1_THENN,EC:2.3.1.101/0.0000
sp|B9LZ84|ATPB_GEODF,EC:7.1.2.2/0.9985,EC:7.2.2.1/0.9981
tr|B9M0H1|B9M0H1_GEODF,EC:3.4.21.107/0.0006
tr|B9M238|B9M238_GEODF,EC:4.2.1.1/0.7555
sp|B9M357|DNAK_GEODF,EC:3.6.4.10/0.8190
tr|B9M518|B9M518_GEODF,EC:3.4.21.88/0.0020,EC:5.2.1.8/0.0013
tr|B9M5V5|B9M5V5_GEODF,EC:2.7.9.1/0.9959
tr|B9M878|B9M878_GEODF,EC:3.2.1.8/0.0023
tr|B9M8V6|B9M8V6_GEODF,EC:3.4.21.102/0.0007
tr|B9M8Z8|B9M8Z8_GEODF,EC:2.4.1.198/0.0003
tr|B9M981|B9M981_GEODF,EC:1.1.1.244/0.4849
tr|B9M982|B9M982_GEODF,EC:1.2.7.6/0.0202
tr|B9M986|B9M986_GEODF,EC:3.2.1.4/0.0039
sp|B9MQH1|EFTU_CALBD,EC:3.6.5.3/0.0841
tr|B9NM78|B9NM78_9RHOB,EC:2.3.1.241/0.0001
tr|B9XA39|B9XA39_PEDPL,EC:3.1.1.75/0.0062
tr|B9XB05|B9XB05_PEDPL,EC:3.1.1.76/0.0072
tr|B9Y9G8|B9Y9G8_9FIRM,EC:5.3.1.27/0.0000
tr|B9Z7Z2|B9Z7Z2_9NEIS,EC:1.11.1.21/0.9985
tr|C0GJ12|C0GJ12_DETAL,EC:1.1.1.244/0.9253
tr|C0GK72|C0GK72_DETAL,EC:2.8.3.12/0.9376
tr|C0Q8W2|C0Q8W2_DESAH,EC:3.2.1.36/0.0019
tr|C0Q932|C0Q932_DESAH,EC:5.1.1.15/0.0000,EC:1.1.1.201/0.0000
tr|C0QDP4|C0QDP4_DESAH,EC:1.8.7.3/0.0314
tr|C0QFN5|C0QFN5_DESAH,EC:2.6.1.13/0.9967
tr|C0QKY8|C0QKY8_DESAH,EC:3.1.1.4/0.0005
tr|C0QLM3|C0QLM3_DESAH,EC:5.1.99.1/0.9645
tr|C0W1G5|C0W1G5_9ACTO,EC:1.2.1.12/0.9887
sp|C1A6Q3|EFTU_GEMAT,EC:3.6.5.3/0.0334
tr|C1ABZ7|C1ABZ7_GEMAT,EC:1.97.1.9/0.0000
tr|C1MX50|C1MX50_MICPC,EC:2.7.11.1/0.0046
tr|C1N8E7|C1N8E7_MICPC,EC:3.2.2.22/0.0033
tr|C1NA27|C1NA27_MICPC,EC:2.7.11.1/0.0044,EC:2.4.1.14/0.0026
tr|C2FUK7|C2FUK7_SPHSI,EC:2.7.8.42/0.0000
tr|C2FUK8|C2FUK8_SPHSI,EC:3.1.1.11/0.0001
tr|C3J863|C3J863_POREA,EC:3.1.1.5/0.0151
tr|C3MBE6|C3MBE6_SINFN,EC:3.2.1.17/0.0019
tr|C3QX03|C3QX03_9BACE,EC:1.16.1.9/0.0000
tr|C3SBW8|C3SBW8_ECOLX,EC:3.6.1.54/0.0000
tr|C3SCN2|C3SCN2_ECOLX,EC:2.3.1.245/0.0305,EC:4.1.2.13/0.0112
tr|C3SFS4|C3SFS4_ECOLX,EC:5.1.3.22/0.9987
tr|C3SKK2|C3SKK2_ECOLX,EC:2.4.1.325/0.9989
tr|C3SM55|C3SM55_ECOLX,EC:3.2.1.177/0.9783
tr|C3T2Q2|C3T2Q2_ECOLX,EC:2.1.2.13/0.9989,EC:1.1.1.305/0.9989
tr|C3TFD2|C3TFD2_ECOLX,EC:2.7.13.3/0.0176
tr|C3UZB1|C3UZB1_9BACT,EC:1.8.99.5/0.9872
tr|C3Z0M6|C3Z0M6_BRAFL,EC:2.7.11.1/0.0002
tr|C4N814|C4N814_BRAEL,EC:6.3.1.2/0.2234
tr|C4RG38|C4RG38_MICS3,EC:3.1.1.73/0.0028
tr|C4V857|C4V857_VAIC1,EC:3.1.1.29/0.0000
tr|C4ZEV3|C4ZEV3_AGARV,EC:2.7.11.1/0.8291
tr|C5CI23|C5CI23_KOSOT,EC:3.4.22.1/0.0000
tr|C5CIK8|C5CIK8_KOSOT,EC:3.4.11.15/0.0000
tr|C5M9C2|C5M9C2_CANTT,EC:2.3.1.51/0.0510
tr|C6E167|C6E167_GEOSM,EC:3.1.3.1/0.0000,EC:3.1.3.54/0.0000,EC:3.6.1.45/0.0000
tr|C6E2K1|C6E2K1_GEOSM,EC:1.1.1.244/0.6510
tr|C6E2V6|C6E2V6_GEOSM,EC:1.16.1.7/0.0054
tr|C6E3T2|C6E3T2_GEOSM,EC:1.1.1.243/0.0001
tr|C6E412|C6E412_GEOSM,EC:3.4.21.107/0.0020
tr|C6E4Q9|C6E4Q9_GEOSM,EC:3.6.5.3/0.0609
sp|C6E643|DNAK_GEOSM,EC:3.6.4.10/0.8560
tr|C6J096|C6J096_9BACL,EC:1.1.1.216/0.0000
tr|C6LB72|C6LB72_9FIRM,EC:7.2.1.2/0.0002
tr|C6LEX0|C6LEX0_9FIRM,EC:2.2.1.6/0.0161
tr|C6PW09|C6PW09_9CLOT,EC:6.1.1.20/0.8325
tr|C6XKL1|C6XKL1_HIRBI,EC:5.2.1.8/0.0087
tr|C6Y1A5|C6Y1A5_PEDHD,EC:3.1.1.32/0.0165
tr|C7H507|C7H507_FAED2,EC:7.2.1.2/0.0000,EC:3.2.1.103/0.0000,EC:4.1.1.83/0.0000,EC:1.14.19.31/0.0000
tr|C7JA53|C7JA53_ORYSJ,EC:2.7.11.1/0.0004
tr|C7LP88|C7LP88_DESBD,EC:1.1.1.244/0.8364,EC:1.1.1.202/0.6395
tr|C7LSV1|C7LSV1_DESBD,EC:5.6.1.7/0.9989
tr|C7LX62|C7LX62_DESBD,EC:2.1.1.104/0.0000
tr|C7X600|C7X600_9BACT,EC:3.4.21.32/0.0000
tr|C7X601|C7X601_9BACT,EC:1.16.1.9/0.0000
tr|C8VVT9|C8VVT9_DESAS,EC:1.17.1.9/0.1178
tr|C8W2N3|C8W2N3_DESAS,EC:1.1.1.244/0.1334
tr|C8X3U5|C8X3U5_DESRD,EC:1.2.99.7/0.9983
tr|C9RD81|C9RD81_AMMDK,EC:1.8.99.2/0.0004
tr|C9RDF9|C9RDF9_AMMDK,EC:3.2.2.22/0.0781
tr|D0F138|D0F138_9GENT,EC:3.2.2.22/0.0015
sp|D0LID5|BMCH_HALO1,EC:2.2.1.6/0.0942
tr|D0LUK3|D0LUK3_HALO1,EC:5.4.2.12/0.9942
tr|D0MDP2|D0MDP2_RHOM4,EC:1.1.99.30/0.0001
tr|D0QZ27|D0QZ27_9ACTN,EC:1.18.6.1/0.9424
tr|D1AP24|D1AP24_SEBTE,EC:1.12.1.3/0.7957
tr|D1B5S7|D1B5S7_THEAS,EC:1.21.4.2/0.9619
tr|D1B6I2|D1B6I2_THEAS,EC:1.14.19.52/0.0000
tr|D1B6N2|D1B6N2_THEAS,EC:1.97.1.9/0.0008
tr|D1B7V7|D1B7V7_THEAS,EC:1.3.1.124/0.0000,EC:1.1.1.80/0.0000
tr|D1B8F3|D1B8F3_THEAS,EC:1.4.1.2/0.9481
tr|D1B8K5|D1B8K5_THEAS,EC:3.5.1.38/0.0000,EC:1.16.1.7/0.0000
tr|D1BXH6|D1BXH6_XYLCX,EC:2.4.1.19/0.0002
tr|D1CD68|D1CD68_THET1,EC:3.6.5.3/0.2855
tr|D1JBL9|D1JBL9_UNCAX,EC:1.1.1.80/0.0000,EC:1.1.1.236/0.0000,EC:1.1.1.206/0.0000
tr|D1VU60|D1VU60_9FIRM,EC:1.2.1.9/0.0000
tr|D1YVB1|D1YVB1_METPS,EC:4.2.1.32/0.0000
tr|D2KZW2|D2KZW2_9EURY,EC:2.8.4.1/0.5832
tr|D2QSI0|D2QSI0_SPILD,EC:1.1.5.5/0.0000
tr|D2R336|D2R336_PIRSD,EC:1.16.1.7/0.0012,EC:5.1.3.37/0.0008
tr|D2RLS4|D2RLS4_ACIFV,EC:3.2.1.8/0.0153
tr|D2Z542|D2Z542_9BACT,EC:1.4.1.2/0.8194
tr|D2Z5B7|D2Z5B7_9BACT,EC:1.1.1.201/0.0000,EC:1.1.99.36/0.0000
tr|D2Z600|D2Z600_9BACT,EC:3.4.17.11/0.0000
tr|D2Z620|D2Z620_9BACT,EC:2.1.1.267/0.0000
tr|D2Z6B3|D2Z6B3_9BACT,EC:2.1.2.11/0.8041
tr|D2Z6S4|D2Z6S4_9BACT,EC:3.2.2.22/0.0001,EC:3.4.22.65/0.0001
tr|D2Z7Z8|D2Z7Z8_9BACT,EC:2.3.1.19/0.9685
tr|D2Z893|D2Z893_9BACT,EC:1.1.1.201/0.0000
tr|D3AUU8|D3AUU8_9FIRM,EC:3.4.24.3/0.0022
tr|D3Q5V2|D3Q5V2_STANL,EC:1.4.9.2/0.0002
tr|D3S0E7|D3S0E7_FERPA,EC:3.1.1.11/0.0042
tr|D3Y4Q4|D3Y4Q4_BRAEL,EC:6.3.1.2/0.0771
tr|D4VGR2|D4VGR2_9BACE,EC:2.4.1.308/0.0000
tr|D5BEM4|D5BEM4_ZUNPS,EC:2.7.13.3/0.0000
tr|D5C1R8|D5C1R8_NITHN,EC:3.4.21.12/0.0001
tr|D5E904|D5E904_METMS,EC:3.2.2.22/0.0057
tr|D5ECM0|D5ECM0_AMICL,EC:2.3.1.216/0.0000,EC:1.14.19.52/0.0000
tr|D5ECQ5|D5ECQ5_AMICL,EC:3.4.22.28/0.0000,EC:3.1.1.29/0.0000
tr|D5ECU0|D5ECU0_AMICL,EC:5.2.1.8/0.0000
tr|D5ECV7|D5ECV7_AMICL,EC:1.2.4.1/0.0000
tr|D5ECX8|D5ECX8_AMICL,EC:4.2.3.55/0.0000
tr|D5ED23|D5ED23_AMICL,EC:3.6.5.3/0.0972
tr|D5ED75|D5ED75_AMICL,EC:2.6.1.39/0.9687
tr|D5ED85|D5ED85_AMICL,EC:1.4.1.2/0.9605
tr|D5EDF2|D5EDF2_AMICL,EC:1.1.1.200/0.0000
tr|D5EDG6|D5EDG6_AMICL,EC:1.97.1.1/0.0013
tr|D5EDQ0|D5EDQ0_AMICL,EC:6.2.1.n2/0.0000
tr|D5EDQ3|D5EDQ3_AMICL,EC:5.1.3.11/0.0000,EC:5.3.1.34/0.0000
tr|D5EDT4|D5EDT4_AMICL,EC:3.4.21.88/0.0019
tr|D5EDT5|D5EDT5_AMICL,EC:5.6.1.7/0.9985
tr|D5EDX8|D5EDX8_AMICL,EC:3.6.5.3/0.0876
tr|D5EES2|D5EES2_AMICL,EC:3.2.1.178/0.0000
tr|D5EF28|D5EF28_AMICL,EC:3.1.11.6/0.0002
tr|D5EFX7|D5EFX7_AMICL,EC:1.1.1.200/0.0000
tr|D5EG29|D5EG29_AMICL,EC:1.21.4.2/0.9959,EC:1.21.4.3/0.9927,EC:1.21.4.4/0.9920
tr|D5EG32|D5EG32_AMICL,EC:1.21.4.2/0.9664,EC:1.21.4.4/0.9328,EC:1.21.4.3/0.9255
tr|D5EG33|D5EG33_AMICL,EC:1.8.1.8/0.0002,EC:5.3.4.1/0.0002,EC:1.11.1.24/0.0001,EC:2.5.1.18/0.0001,EC:1.1.1.4/0.0001
tr|D5EG68|D5EG68_AMICL,EC:1.1.1.1/0.0000
tr|D5EGB9|D5EGB9_AMICL,EC:3.2.1.4/0.0053
tr|D5EGJ6|D5EGJ6_AMICL,EC:4.2.1.151/0.0000
tr|D5EGQ3|D5EGQ3_AMICL,EC:1.11.1.24/0.9747
tr|D5EGX5|D5EGX5_AMICL,EC:1.17.1.9/0.0000
tr|D5EGY0|D5EGY0_AMICL,EC:3.4.19.13/0.5913,EC:2.3.2.2/0.5913,EC:3.5.1.126/0.5047
tr|D5EHC1|D5EHC1_AMICL,EC:2.3.1.19/0.8210
tr|D5EHF8|D5EHF8_AMICL,EC:1.1.1.300/0.0000,EC:1.1.1.107/0.0000,EC:4.1.2.27/0.0000
tr|D5EU54|D5EU54_XYLR2,EC:2.4.1.353/0.0000
tr|D5L145|D5L145_MALDO,EC:2.3.1.48/0.0300
tr|D5MH15|D5MH15_METO1,EC:1.1.1.37/0.9903
tr|D5XB01|D5XB01_THEPJ,EC:3.1.1.88/0.0008
tr|D6AJX0|D6AJX0_STRFL,EC:1.1.99.22/0.0082
tr|D6CW64|D6CW64_9BACE,EC:1.16.1.9/0.0000
tr|D6PG45|D6PG45_9CAUD,EC:3.4.23.44/0.0000
tr|D6SSB4|D6SSB4_9BACT,EC:1.8.7.3/0.0001,EC:1.8.98.4/0.0000
tr|D6SSC8|D6SSC8_9BACT,EC:7.2.2.1/0.9987
tr|D6Z0K1|D6Z0K1_DESAT,EC:3.4.24.55/0.0001
tr|D6Z5K4|D6Z5K4_DESAT,EC:1.15.1.2/0.9793
tr|D6Z6W1|D6Z6W1_DESAT,EC:4.1.99.11/0.0003
tr|D7CMS7|D7CMS7_SYNLT,EC:2.8.3.12/0.3335
tr|D7CN94|D7CN94_SYNLT,EC:1.8.98.1/0.3992
tr|D7CN96|D7CN96_SYNLT,EC:1.3.1.108/0.0159
tr|D7CSH2|D7CSH2_TRURR,EC:2.1.3.1/0.0000
tr|D7CW62|D7CW62_TRURR,EC:2.5.1.2/0.0000
tr|D7E800|D7E800_METEZ,EC:2.3.1.169/0.9929
tr|D7F197|D7F197_9CYAN,EC:2.3.1.39/0.0008
tr|D7FGG8|D7FGG8_STEMA,EC:3.4.21.111/0.7908
tr|D7GHX7|D7GHX7_PROFC,EC:1.7.2.1/0.0000
tr|D7GN92|D7GN92_9ZZZZ,EC:3.4.21.50/0.0001
tr|D7I950|D7I950_9BACE,EC:3.2.2.22/0.0207
tr|D7L0R2|D7L0R2_ARALL,EC:2.3.2.27/0.0002
tr|D8EXB5|D8EXB5_9DELT,EC:1.3.1.108/0.0148
tr|D8F1X3|D8F1X3_9DELT,EC:2.7.13.3/0.0023
tr|D8F372|D8F372_9DELT,EC:3.1.1.31/0.0001
tr|D8F863|D8F863_9DELT,EC:1.3.8.1/0.5171
tr|D8FHP6|D8FHP6_9FIRM,EC:1.1.1.149/0.0000
tr|D8K527|D8K527_NITWC,EC:3.2.2.22/0.0004
tr|D8WWL1|D8WWL1_9FIRM,EC:1.3.99.32/0.6546
tr|D9PEZ8|D9PEZ8_9ZZZZ,EC:3.2.1.4/0.0009
tr|D9PH31|D9PH31_9ZZZZ,EC:1.15.1.1/0.0212
tr|D9Z8B8|D9Z8B8_9POAL,EC:7.1.1.2/0.1001
tr|D9ZEH2|D9ZEH2_9ZZZZ,EC:7.2.1.2/0.0009
tr|D9ZJ14|D9ZJ14_MALDO,EC:3.2.2.6/0.2069
tr|D9ZJG6|D9ZJG6_MALDO,EC:2.3.2.27/0.3716
tr|E0CNW9|E0CNW9_VITVI,EC:2.7.7.102/0.0000
tr|E0RSM7|E0RSM7_SPITD,EC:2.7.11.2/0.0007
tr|E0SHH0|E0SHH0_DICD3,EC:1.11.1.21/0.9830
tr|E0UJI3|E0UJI3_GLOV7,EC:2.7.10.1/0.0005
tr|E1CG90|E1CG90_MALDO,EC:4.2.3.195/0.0000
tr|E1CG92|E1CG92_MALDO,EC:2.1.1.369/0.0000
tr|E1IHB9|E1IHB9_9CHLR,EC:1.97.1.12/0.0000
tr|E1JRU8|E1JRU8_SOLFR,EC:7.1.2.2/0.9986,EC:7.2.2.1/0.9970
tr|E1JRX1|E1JRX1_SOLFR,EC:3.4.24.18/0.0001
tr|E1JTN0|E1JTN0_SOLFR,EC:1.3.5.4/0.9838
tr|E1JYE0|E1JYE0_SOLFR,EC:1.2.99.7/0.9984
tr|E1K0X1|E1K0X1_SOLFR,EC:1.15.1.2/0.9933
tr|E1K229|E1K229_SOLFR,EC:1.1.1.77/0.7380,EC:1.1.1.202/0.7318
tr|E1QM27|E1QM27_DESB2,EC:1.3.8.11/0.0354
tr|E1R8Q5|E1R8Q5_SEDSS,EC:3.2.1.4/0.0000,EC:3.2.1.151/0.0000,EC:1.3.1.3/0.0000
tr|E1R9Q1|E1R9Q1_SEDSS,EC:1.21.4.2/0.0000
tr|E1RBC3|E1RBC3_SEDSS,EC:5.3.1.4/0.0000
tr|E1RGF9|E1RGF9_METP4,EC:3.2.2.22/0.0208
tr|E1YAH1|E1YAH1_9BACT,EC:5.2.1.8/0.0001
tr|E1YB73|E1YB73_9BACT,EC:5.6.1.7/0.9981
tr|E1YBE5|E1YBE5_9BACT,EC:5.2.1.8/0.0144
tr|E1YBS7|E1YBS7_9BACT,EC:2.7.7.6/0.1323
tr|E1YH88|E1YH88_9BACT,EC:3.1.3.3/0.0002
tr|E2CB03|E2CB03_9HYPH,EC:1.3.8.7/0.0007,EC:1.3.8.8/0.0004,EC:1.3.8.9/0.0002,EC:1.3.8.1/0.0002
tr|E2CVA2|E2CVA2_9ACTO,EC:6.1.1.20/0.0540
tr|E3CUB4|E3CUB4_9BACT,EC:1.1.1.352/0.0006
tr|E3CUC5|E3CUC5_9BACT,EC:5.4.2.12/0.0000
tr|E3CV98|E3CV98_9BACT,EC:2.3.1.101/0.0004
tr|E3CW90|E3CW90_9BACT,EC:3.2.1.8/0.0076
tr|E3CWE9|E3CWE9_9BACT,EC:4.2.1.85/0.2695,EC:4.2.1.114/0.1669
tr|E3CWY1|E3CWY1_9BACT,EC:1.15.1.1/0.0107
tr|E3CX03|E3CX03_9BACT,EC:1.1.1.1/0.0001
tr|E3D068|E3D068_9BACT,EC:1.3.1.124/0.0000,EC:1.1.1.80/0.0000
tr|E3D0P0|E3D0P0_9BACT,EC:1.1.1.1/0.0000,EC:4.3.3.2/0.0000
tr|E3H3Q9|E3H3Q9_ROTDC,EC:3.2.2.22/0.0027
tr|E3PRN2|E3PRN2_ACESD,EC:1.1.99.36/0.0000,EC:1.1.1.424/0.0000,EC:4.6.1.23/0.0000
tr|E3PUH2|E3PUH2_ACESD,EC:1.4.1.2/0.9870
tr|E3PXG4|E3PXG4_ACESD,EC:1.1.1.80/0.0000,EC:4.2.3.195/0.0000
tr|E3PXR9|E3PXR9_ACESD,EC:1.21.4.2/0.9745
tr|E3PXS0|E3PXS0_ACESD,EC:1.21.4.2/0.1893,EC:1.21.4.3/0.1070,EC:1.21.4.4/0.1009
tr|E3T743|E3T743_9BACT,EC:3.4.11.14/0.0000
tr|E4MW86|E4MW86_EUTHA,EC:3.4.22.39/0.0001
tr|E4MWM0|E4MWM0_EUTHA,EC:2.3.2.27/0.0033
tr|E4MXW6|E4MXW6_EUTHA,EC:2.1.1.361/0.0004
tr|E4MY75|E4MY75_EUTHA,EC:1.11.1.7/0.9813
tr|E4RTW5|E4RTW5_LEAB4,EC:1.14.13.63/0.0000,EC:2.4.1.353/0.0000
tr|E4SCQ4|E4SCQ4_CALK2,EC:3.2.1.39/0.0003,EC:3.4.24.3/0.0002
tr|E4T2M7|E4T2M7_PALPW,EC:4.2.1.152/0.0000
tr|E4T5H1|E4T5H1_PALPW,EC:2.4.1.353/0.0000
tr|E4T742|E4T742_PALPW,EC:3.1.1.4/0.0208
tr|E4T7C4|E4T7C4_PALPW,EC:1.1.99.18/0.0005,EC:1.1.1.357/0.0005
tr|E4T7S4|E4T7S4_PALPW,EC:2.3.1.48/0.0828
tr|E4T8N3|E4T8N3_PALPW,EC:2.4.1.353/0.0000,EC:1.14.13.63/0.0000
tr|E4TRA3|E4TRA3_MARTH,EC:4.2.2.17/0.0002
tr|E4TTP7|E4TTP7_MARTH,EC:3.2.1.76/0.0000
tr|E4Z8N7|E4Z8N7_MALDO,EC:1.3.7.12/0.0001
tr|E5ATN3|E5ATN3_MYCRK,EC:5.3.1.13/0.0001
tr|E5CCB9|E5CCB9_9BACE,EC:3.5.2.17/0.0006
tr|E6KQU0|E6KQU0_9ACTO,EC:3.2.1.142/0.0318
tr|E6PYB8|E6PYB8_9ZZZZ,EC:1.14.14.1/0.0000
tr|E6VU71|E6VU71_PSEA9,EC:1.12.98.3/0.0218
tr|E6WR25|E6WR25_PSEUU,EC:3.6.4.10/0.0002
tr|E6YKA0|E6YKA0_9HYPH,EC:2.7.11.1/0.0011,EC:3.6.4.12/0.0008,EC:2.7.12.1/0.0005
tr|E6YKM9|E6YKM9_9HYPH,EC:2.7.13.3/0.7494
tr|E7MMC1|E7MMC1_9FIRM,EC:3.1.1.89/0.0000
tr|E7PS57|E7PS57_PSESG,EC:1.16.1.1/0.0001
tr|E7S7J3|E7S7J3_9STRE,EC:4.1.1.7/0.0000
tr|E7S7J8|E7S7J8_9STRE,EC:2.7.1.121/0.0000
tr|E7S8L3|E7S8L3_9STRE,EC:3.6.4.10/0.0326
tr|E7S8Q9|E7S8Q9_9STRE,EC:2.7.13.3/0.0162
tr|E7S8T6|E7S8T6_9STRE,EC:6.1.1.19/0.9982
tr|E7S936|E7S936_9STRE,EC:1.2.99.8/0.0070
tr|E7S946|E7S946_9STRE,EC:1.14.13.237/0.0000
tr|E7S9F3|E7S9F3_9STRE,EC:2.4.1.52/0.0045
tr|E7S9R5|E7S9R5_9STRE,EC:6.3.5.7/0.9985
tr|E7SA27|E7SA27_9STRE,EC:2.5.1.48/0.5971,EC:4.4.1.13/0.3240,EC:4.4.1.1/0.2113
tr|E7SA36|E7SA36_9STRE,EC:7.5.2.13/0.0000
tr|E7SA87|E7SA87_9STRE,EC:2.7.13.3/0.0012
tr|E7SAB0|E7SAB0_9STRE,EC:3.1.1.97/0.0000
tr|E7SAF2|E7SAF2_9STRE,EC:3.1.4.12/0.0002
tr|E7SB02|E7SB02_9STRE,EC:5.6.2.2/0.0011
tr|E7SB94|E7SB94_9STRE,EC:3.1.1.81/0.0022,EC:3.1.1.2/0.0016,EC:3.5.2.6/0.0009
tr|E7SB98|E7SB98_9STRE,EC:3.6.4.10/0.0001,EC:3.6.4.6/0.0000
tr|E7SBG3|E7SBG3_9STRE,EC:2.7.13.3/0.0035
tr|E7SBM1|E7SBM1_9STRE,EC:2.5.1.10/0.0005
tr|E7SC29|E7SC29_9STRE,EC:3.4.14.11/0.6162
tr|E7SC79|E7SC79_9STRE,EC:3.2.1.133/0.0002
tr|E7SCE8|E7SCE8_9STRE,EC:7.6.2.12/0.0001
tr|E7SD33|E7SD33_9STRE,EC:3.4.16.4/0.9796
tr|E8JZR6|E8JZR6_9STRE,EC:4.1.1.31/0.9964
tr|E8K106|E8K106_9STRE,EC:2.7.1.202/0.6856
tr|E8K1G7|E8K1G7_9STRE,EC:3.6.4.12/0.1032
tr|E8MXK4|E8MXK4_ANATU,EC:2.4.1.198/0.0001,EC:5.2.1.8/0.0001
tr|E8MXK5|E8MXK5_ANATU,EC:5.4.99.5/0.0005
tr|E8MZ15|E8MZ15_ANATU,EC:3.5.1.18/0.0013
tr|E8MZI3|E8MZI3_ANATU,EC:3.6.4.10/0.1259
tr|E8MZM0|E8MZM0_ANATU,EC:4.2.1.11/0.9901
tr|E8N0E4|E8N0E4_ANATU,EC:5.6.1.7/0.9972
tr|E8N0J0|E8N0J0_ANATU,EC:3.6.4.12/0.0110
tr|E8N0T2|E8N0T2_ANATU,EC:2.7.7.6/0.0013
tr|E8N0W1|E8N0W1_ANATU,EC:1.97.1.1/0.0005
tr|E8N144|E8N144_ANATU,EC:2.7.1.30/0.9921
tr|E8N187|E8N187_ANATU,EC:3.8.1.5/0.0000
tr|E8N197|E8N197_ANATU,EC:2.5.1.6/0.9982
tr|E8N1B5|E8N1B5_ANATU,EC:1.7.2.1/0.0000
tr|E8N2C8|E8N2C8_ANATU,EC:1.1.1.110/0.0315
tr|E8N2U3|E8N2U3_ANATU,EC:3.6.4.10/0.5535
tr|E8N325|E8N325_ANATU,EC:3.2.2.22/0.0030
tr|E8N3M2|E8N3M2_ANATU,EC:3.6.5.3/0.1113
tr|E8N430|E8N430_ANATU,EC:4.1.2.13/0.8439
tr|E8N4J2|E8N4J2_ANATU,EC:2.7.2.3/0.9985
tr|E8N4J3|E8N4J3_ANATU,EC:1.2.1.12/0.9960
tr|E8N4R7|E8N4R7_ANATU,EC:3.6.5.n1/0.9167
tr|E8N4S2|E8N4S2_ANATU,EC:3.4.21.53/0.0209
tr|E8N4V9|E8N4V9_ANATU,EC:1.14.14.3/0.0000
tr|E8N5H0|E8N5H0_ANATU,EC:6.2.1.13/0.9087
tr|E8N5J7|E8N5J7_ANATU,EC:3.1.21.4/0.0000,EC:2.1.1.148/0.0000
tr|E8N6Y5|E8N6Y5_MICTS,EC:4.1.1.114/0.0001
tr|E8UX37|E8UX37_TERSS,EC:1.14.14.1/0.0000
tr|E8UZ73|E8UZ73_TERSS,EC:1.14.14.1/0.0000
tr|E8UZU8|E8UZU8_TERSS,EC:7.2.2.13/0.0000
tr|E8V2H6|E8V2H6_TERSS,EC:1.14.14.1/0.0000
tr|E8WHL3|E8WHL3_GEOS8,EC:1.12.98.3/0.0008
tr|E8WHL5|E8WHL5_GEOS8,EC:1.12.1.2/0.0011
tr|E8WHS2|E8WHS2_GEOS8,EC:3.4.24.39/0.0000,EC:3.2.2.22/0.0000,EC:1.14.14.99/0.0000
tr|E8WJ63|E8WJ63_GEOS8,EC:1.1.1.225/0.0002,EC:1.1.1.243/0.0002,EC:1.1.1.51/0.0002,EC:1.1.1.223/0.0002
tr|E8WJQ7|E8WJQ7_GEOS8,EC:1.1.1.176/0.0002,EC:3.2.1.151/0.0002,EC:1.1.1.50/0.0002,EC:3.2.1.81/0.0001,EC:3.4.24.40/0.0001
tr|E8WML6|E8WML6_GEOS8,EC:4.2.1.11/0.9987
tr|E8WMQ7|E8WMQ7_GEOS8,EC:5.6.1.7/0.9987
tr|E8WNR3|E8WNR3_GEOS8,EC:4.1.1.22/0.0001
tr|E8WP00|E8WP00_GEOS8,EC:3.4.21.107/0.0000,EC:3.4.21.53/0.0000
tr|E8WQD6|E8WQD6_GEOS8,EC:3.4.24.31/0.0052
tr|E8WR93|E8WR93_GEOS8,EC:2.4.1.198/0.0002
tr|E8WRD0|E8WRD0_GEOS8,EC:5.4.2.12/0.0115
tr|E8WTG1|E8WTG1_GEOS8,EC:3.1.1.4/0.0096
tr|E8WYV4|E8WYV4_GRATM,EC:1.1.1.149/0.0000,EC:1.14.14.1/0.0000
tr|E8X6Y9|E8X6Y9_GRATM,EC:1.14.14.1/0.0000
tr|F0F8I9|F0F8I9_9BACT,EC:1.1.99.30/0.0000
tr|F0J4U1|F0J4U1_ACIMA,EC:2.7.1.121/0.9683
tr|F0NZ10|F0NZ10_WEEVC,EC:3.4.13.18/0.6143
tr|F0RRT5|F0RRT5_SPHGB,EC:1.5.1.23/0.0000
tr|F0RU84|F0RU84_SPHGB,EC:1.3.1.105/0.0000
tr|F0RUI1|F0RUI1_SPHGB,EC:4.1.2.46/0.0000
tr|F0RYJ5|F0RYJ5_SPHGB,EC:1.14.19.47/0.0000
tr|F0T7S9|F0T7S9_METLA,EC:1.8.98.5/0.9948,EC:1.8.98.6/0.9922
tr|F0T8S1|F0T8S1_METLA,EC:2.1.1.86/0.0782
tr|F0T9A8|F0T9A8_METLA,EC:3.5.1.28/0.0097
tr|F0TBV1|F0TBV1_METLA,EC:2.7.7.6/0.0001
tr|F0TCD5|F0TCD5_METLA,EC:3.4.25.1/0.8785
tr|F2IAK5|F2IAK5_FLUTR,EC:3.1.21.1/0.0001
tr|F2IDL1|F2IDL1_FLUTR,EC:3.1.1.75/0.0000,EC:3.1.1.76/0.0000
tr|F2II07|F2II07_FLUTR,EC:3.1.21.1/0.0001
tr|F2KRX4|F2KRX4_ARCVS,EC:1.8.1.19/0.1139
tr|F2LVE7|F2LVE7_HIPMA,EC:4.3.3.2/0.0705
tr|F2NDC8|F2NDC8_DESAR,EC:1.15.1.2/0.9962
tr|F2NG50|F2NG50_DESAR,EC:7.2.4.5/0.0000
tr|F2NH78|F2NH78_DESAR,EC:1.17.1.9/0.0047
tr|F2NHE4|F2NHE4_DESAR,EC:3.1.1.76/0.0000
tr|F2NIN0|F2NIN0_DESAR,EC:3.1.1.76/0.0011
tr|F2NIN1|F2NIN1_DESAR,EC:3.1.1.76/0.0013
tr|F2NIQ2|F2NIQ2_DESAR,EC:4.1.99.5/0.0001
tr|F2NIT3|F2NIT3_DESAR,EC:3.2.1.4/0.0003
tr|F3C692|F3C692_PSESG,EC:5.4.99.15/0.2922
tr|F3Z6N0|F3Z6N0_9ACTN,EC:3.2.1.37/0.0000
tr|F3ZSW6|F3ZSW6_9BACE,EC:1.16.1.9/0.0000
tr|F3ZW14|F3ZW14_MAHA5,EC:1.97.1.1/0.0069
tr|F3ZW26|F3ZW26_MAHA5,EC:1.97.1.1/0.0080
tr|F3ZW32|F3ZW32_MAHA5,EC:1.97.1.1/0.0301
tr|F4BSU0|F4BSU0_METSG,EC:1.5.1.40/0.9643
tr|F4BSV0|F4BSV0_METSG,EC:4.2.1.147/0.9982
tr|F4BSV6|F4BSV6_METSG,EC:6.2.1.14/0.0023
tr|F4BSV7|F4BSV7_METSG,EC:3.2.2.22/0.0015
tr|F4BSY2|F4BSY2_METSG,EC:1.2.1.22/0.0000
tr|F4BSY4|F4BSY4_METSG,EC:1.8.1.9/0.9872
tr|F4BSZ0|F4BSZ0_METSG,EC:5.6.1.7/0.5679
tr|F4BT00|F4BT00_METSG,EC:1.2.1.106/0.9752,EC:1.2.1.103/0.9734
tr|F4BT02|F4BT02_METSG,EC:2.3.1.35/0.9844,EC:2.3.1.1/0.9761
tr|F4BT19|F4BT19_METSG,EC:3.4.24.18/0.0006
tr|F4BT57|F4BT57_METSG,EC:4.6.1.1/0.0004
tr|F4BT96|F4BT96_METSG,EC:1.4.3.2/0.0743
tr|F4BTA6|F4BTA6_METSG,EC:1.8.7.2/0.0180
tr|F4BTB1|F4BTB1_METSG,EC:5.5.1.4/0.4837
tr|F4BTB9|F4BTB9_METSG,EC:1.2.7.1/0.9931
tr|F4BTC0|F4BTC0_METSG,EC:1.2.7.7/0.0722
tr|F4BTC1|F4BTC1_METSG,EC:1.2.7.1/0.9840,EC:1.2.7.7/0.9809
tr|F4BTC4|F4BTC4_METSG,EC:2.3.1.101/0.9776
tr|F4BTC6|F4BTC6_METSG,EC:5.2.1.8/0.0000,EC:3.5.1.28/0.0000
tr|F4BTC7|F4BTC7_METSG,EC:5.2.1.8/0.0003
tr|F4BTD8|F4BTD8_METSG,EC:6.4.1.1/0.2496,EC:6.4.1.2/0.1533
tr|F4BTF3|F4BTF3_METSG,EC:4.2.2.17/0.0013
tr|F4BTF5|F4BTF5_METSG,EC:4.2.3.5/0.9984
tr|F4BTF8|F4BTF8_METSG,EC:3.1.11.2/0.2624
tr|F4BTH3|F4BTH3_METSG,EC:4.2.1.136/0.9977
tr|F4BTJ0|F4BTJ0_METSG,EC:1.14.13.25/0.0007
tr|F4BTJ7|F4BTJ7_METSG,EC:1.12.98.3/0.1990,EC:1.12.7.2/0.1577
tr|F4BTJ9|F4BTJ9_METSG,EC:1.8.98.1/0.0002
tr|F4BTL5|F4BTL5_METSG,EC:4.1.1.39/0.1173,EC:4.1.1.121/0.0582
tr|F4BTL7|F4BTL7_METSG,EC:3.1.30.1/0.0014,EC:2.4.1.25/0.0011,EC:4.2.1.1/0.0010
tr|F4BTP1|F4BTP1_METSG,EC:2.7.7.6/0.0013
tr|F4BTP9|F4BTP9_METSG,EC:5.3.1.6/0.9913
tr|F4BTQ0|F4BTQ0_METSG,EC:5.3.1.8/0.0000
tr|F4BTR2|F4BTR2_METSG,EC:2.7.7.56/0.1382
tr|F4BTR3|F4BTR3_METSG,EC:2.7.7.56/0.8106
tr|F4BTS3|F4BTS3_METSG,EC:5.2.1.8/0.6916
tr|F4BTY7|F4BTY7_METSG,EC:4.2.1.1/0.0001
tr|F4BTY9|F4BTY9_METSG,EC:3.2.2.22/0.0009
tr|F4BTZ6|F4BTZ6_METSG,EC:4.2.1.1/0.0001
tr|F4BU06|F4BU06_METSG,EC:2.7.11.1/0.0017
tr|F4BU44|F4BU44_METSG,EC:2.6.1.11/0.9495
tr|F4BU58|F4BU58_METSG,EC:1.1.1.236/0.0002
tr|F4BU62|F4BU62_METSG,EC:2.3.1.42/0.0000
tr|F4BU75|F4BU75_METSG,EC:3.6.5.3/0.0734
tr|F4BU76|F4BU76_METSG,EC:3.6.5.n1/0.1048
tr|F4BU78|F4BU78_METSG,EC:6.3.3.1/0.9075
tr|F4BU84|F4BU84_METSG,EC:6.3.4.22/0.0010
tr|F4BU89|F4BU89_METSG,EC:2.7.7.101/0.9935
tr|F4BU96|F4BU96_METSG,EC:2.7.7.6/0.0007
tr|F4BU98|F4BU98_METSG,EC:2.7.7.6/0.0005
tr|F4BU99|F4BU99_METSG,EC:2.7.7.6/0.0019
tr|F4BUA1|F4BUA1_METSG,EC:3.6.5.3/0.9974
tr|F4BUA8|F4BUA8_METSG,EC:2.8.4.1/0.9287
tr|F4BUB7|F4BUB7_METSG,EC:6.3.4.23/0.9768
tr|F4BUE9|F4BUE9_METSG,EC:4.2.1.110/0.0011
tr|F4BUG1|F4BUG1_METSG,EC:6.3.1.2/0.9826
tr|F4BUI1|F4BUI1_METSG,EC:2.5.1.153/0.0000
tr|F4BUI2|F4BUI2_METSG,EC:5.6.1.7/0.7072
tr|F4BUI4|F4BUI4_METSG,EC:3.1.11.6/0.0001
tr|F4BUI5|F4BUI5_METSG,EC:4.2.1.11/0.9969
tr|F4BUJ6|F4BUJ6_METSG,EC:4.2.3.1/0.9926
tr|F4BUJ8|F4BUJ8_METSG,EC:3.1.3.3/0.0002
tr|F4BUN0|F4BUN0_METSG,EC:6.3.5.3/0.9859
tr|F4BUN1|F4BUN1_METSG,EC:6.3.5.3/0.9598
tr|F4BUN7|F4BUN7_METSG,EC:1.3.7.8/0.0000,EC:1.3.99.n1/0.0000
tr|F4BUP7|F4BUP7_METSG,EC:6.4.1.8/0.0000
tr|F4BUS0|F4BUS0_METSG,EC:2.7.1.73/0.1608
tr|F4BUS8|F4BUS8_METSG,EC:5.6.1.7/0.9073
tr|F4BUT5|F4BUT5_METSG,EC:3.1.26.5/0.0004
tr|F4BUT9|F4BUT9_METSG,EC:1.21.4.2/0.0000
tr|F4BUU5|F4BUU5_METSG,EC:3.4.22.1/0.0000
tr|F4BUV9|F4BUV9_METSG,EC:1.2.7.12/0.0024
tr|F4BUX5|F4BUX5_METSG,EC:3.1.1.1/0.0003
tr|F4BUY6|F4BUY6_METSG,EC:5.3.1.1/0.1263
tr|F4BUZ5|F4BUZ5_METSG,EC:1.4.1.2/0.9275
tr|F4BV04|F4BV04_METSG,EC:3.2.2.22/0.0011
tr|F4BV07|F4BV07_METSG,EC:2.2.1.10/0.9987
tr|F4BV36|F4BV36_METSG,EC:6.3.4.5/0.9985
tr|F4BV37|F4BV37_METSG,EC:1.5.98.1/0.0001,EC:2.7.1.121/0.0000
tr|F4BV43|F4BV43_METSG,EC:1.1.1.236/0.0007
tr|F4BV65|F4BV65_METSG,EC:4.1.1.11/0.0000
tr|F4BV66|F4BV66_METSG,EC:1.2.7.12/0.9941
tr|F4BV67|F4BV67_METSG,EC:2.3.1.288/0.0001
tr|F4BV79|F4BV79_METSG,EC:3.6.4.6/0.5665
tr|F4BVC1|F4BVC1_METSG,EC:5.2.1.8/0.0034
tr|F4BVE1|F4BVE1_METSG,EC:1.17.5.2/0.0000
tr|F4BVE2|F4BVE2_METSG,EC:7.3.2.1/0.0009
tr|F4BVF3|F4BVF3_METSG,EC:1.3.7.15/0.0000
tr|F4BVK7|F4BVK7_METSG,EC:2.7.1.50/0.9952
tr|F4BVK8|F4BVK8_METSG,EC:1.1.1.95/0.9886,EC:1.1.1.399/0.9777
tr|F4BVN7|F4BVN7_METSG,EC:2.7.10.1/0.0019
tr|F4BVQ0|F4BVQ0_METSG,EC:2.4.2.36/0.0013
tr|F4BVQ8|F4BVQ8_METSG,EC:1.14.19.47/0.0000
tr|F4BVR1|F4BVR1_METSG,EC:1.8.98.1/0.5716
tr|F4BVS1|F4BVS1_METSG,EC:3.4.23.42/0.0001
tr|F4BVV4|F4BVV4_METSG,EC:4.2.1.28/0.0000,EC:5.4.99.1/0.0000
tr|F4BVX4|F4BVX4_METSG,EC:1.1.1.201/0.0004
tr|F4BVX5|F4BVX5_METSG,EC:4.1.1.4/0.0000
tr|F4BVZ3|F4BVZ3_METSG,EC:1.2.99.8/0.0000,EC:3.5.4.46/0.0000
tr|F4BVZ4|F4BVZ4_METSG,EC:5.2.1.8/0.0001
tr|F4BVZ7|F4BVZ7_METSG,EC:1.3.7.8/0.0003,EC:1.3.99.n1/0.0003
tr|F4BW14|F4BW14_METSG,EC:3.2.2.22/0.0104
tr|F4BW15|F4BW15_METSG,EC:3.2.2.22/0.0008,EC:3.4.21.12/0.0007
tr|F4BW31|F4BW31_METSG,EC:6.3.1.2/0.9819
tr|F4BW47|F4BW47_METSG,EC:3.1.1.53/0.0200
tr|F4BW56|F4BW56_METSG,EC:3.6.1.1/0.9758
tr|F4BW67|F4BW67_METSG,EC:1.1.1.40/0.0969
tr|F4BW85|F4BW85_METSG,EC:3.4.18.1/0.0000
tr|F4BW88|F4BW88_METSG,EC:2.1.1.86/0.0245
tr|F4BWA3|F4BWA3_METSG,EC:2.7.13.3/0.0014
tr|F4BWB0|F4BWB0_METSG,EC:1.4.3.2/0.0025
tr|F4BWB2|F4BWB2_METSG,EC:3.1.1.49/0.0002
tr|F4BWB4|F4BWB4_METSG,EC:3.1.21.4/0.0039
tr|F4BWB5|F4BWB5_METSG,EC:1.4.3.2/0.0015
tr|F4BWF0|F4BWF0_METSG,EC:3.2.2.22/0.0255
tr|F4BWF3|F4BWF3_METSG,EC:2.2.1.6/0.9926
tr|F4BWF9|F4BWF9_METSG,EC:1.3.98.4/0.0012
tr|F4BWH0|F4BWH0_METSG,EC:5.1.1.7/0.8226
tr|F4BWJ6|F4BWJ6_METSG,EC:3.4.21.62/0.0002
tr|F4BWK6|F4BWK6_METSG,EC:3.2.1.4/0.0008,EC:3.2.2.22/0.0007
tr|F4BWK7|F4BWK7_METSG,EC:1.4.3.2/0.0001
tr|F4BWL2|F4BWL2_METSG,EC:2.6.1.114/0.0004
tr|F4BWL4|F4BWL4_METSG,EC:7.2.2.9/0.0000
tr|F4BWM9|F4BWM9_METSG,EC:2.3.1.169/0.9907
tr|F4BWN6|F4BWN6_METSG,EC:6.1.1.6/0.9086
tr|F4BWP4|F4BWP4_METSG,EC:3.6.4.10/0.0020
tr|F4BWP7|F4BWP7_METSG,EC:2.7.4.3/0.9886
tr|F4BWP8|F4BWP8_METSG,EC:3.2.2.22/0.4526
tr|F4BWQ0|F4BWQ0_METSG,EC:3.1.26.5/0.0000,EC:2.7.7.6/0.0000
tr|F4BWT4|F4BWT4_METSG,EC:6.3.2.36/0.0021
tr|F4BWT6|F4BWT6_METSG,EC:1.1.1.205/0.0000,EC:4.1.3.6/0.0000,EC:4.1.3.34/0.0000
tr|F4BWT7|F4BWT7_METSG,EC:7.6.2.9/0.0000
tr|F4BWT8|F4BWT8_METSG,EC:7.6.2.9/0.0000
tr|F4BWT9|F4BWT9_METSG,EC:4.1.3.6/0.0000,EC:4.1.3.34/0.0000
tr|F4BWV2|F4BWV2_METSG,EC:2.4.2.8/0.2123
tr|F4BWV6|F4BWV6_METSG,EC:1.2.99.7/0.0000
tr|F4BWV9|F4BWV9_METSG,EC:3.2.1.18/0.0008
tr|F4BWW0|F4BWW0_METSG,EC:4.2.1.19/0.5429
tr|F4BX03|F4BX03_METSG,EC:6.3.4.4/0.9104
tr|F4BX06|F4BX06_METSG,EC:6.2.1.1/0.9785
tr|F4BX07|F4BX07_METSG,EC:6.2.1.1/0.9911
tr|F4BX08|F4BX08_METSG,EC:6.2.1.1/0.9784
tr|F4BX26|F4BX26_METSG,EC:2.4.2.57/0.9978
tr|F4BX30|F4BX30_METSG,EC:3.6.4.6/0.0237
tr|F4BX42|F4BX42_METSG,EC:1.7.99.1/0.9362
tr|F4BX70|F4BX70_METSG,EC:2.7.13.3/0.0001
tr|F4BX87|F4BX87_METSG,EC:1.7.1.6/0.0090
tr|F4BX99|F4BX99_METSG,EC:1.4.3.2/0.0001,EC:3.1.4.50/0.0001
tr|F4BXA8|F4BXA8_METSG,EC:3.1.1.32/0.0001
tr|F4BXB6|F4BXB6_METSG,EC:1.6.5.4/0.0000
tr|F4BXF2|F4BXF2_METSG,EC:3.1.21.10/0.0001
tr|F4BXG6|F4BXG6_METSG,EC:4.2.3.59/0.0000
tr|F4BXG8|F4BXG8_METSG,EC:1.1.1.236/0.0002,EC:1.1.1.206/0.0002
tr|F4BXG9|F4BXG9_METSG,EC:1.1.1.236/0.0001
tr|F4BXH3|F4BXH3_METSG,EC:4.2.3.59/0.0000
tr|F4BXI2|F4BXI2_METSG,EC:1.4.3.2/0.0000
tr|F4BXI9|F4BXI9_METSG,EC:1.8.98.3/0.0068
tr|F4BXJ2|F4BXJ2_METSG,EC:2.3.1.23/0.0001,EC:2.3.1.n7/0.0001,EC:2.3.1.n6/0.0000
tr|F4BXJ5|F4BXJ5_METSG,EC:2.7.10.1/0.0035
tr|F4BXK4|F4BXK4_METSG,EC:3.1.4.4/0.0001
tr|F4BXL5|F4BXL5_METSG,EC:2.8.4.1/0.0544
tr|F4BXM1|F4BXM1_METSG,EC:2.8.4.1/0.0107
tr|F4BXM2|F4BXM2_METSG,EC:4.3.3.2/0.0002
tr|F4BXM3|F4BXM3_METSG,EC:2.8.4.1/0.0125
tr|F4BXM4|F4BXM4_METSG,EC:2.7.10.1/0.0011
tr|F4BXM5|F4BXM5_METSG,EC:2.8.4.1/0.0158
tr|F4BXM7|F4BXM7_METSG,EC:4.2.2.17/0.0001
tr|F4BXN7|F4BXN7_METSG,EC:1.4.3.25/0.0000,EC:3.1.4.4/0.0000,EC:1.3.1.38/0.0000,EC:1.4.3.2/0.0000,EC:3.2.1.78/0.0000
tr|F4BXQ6|F4BXQ6_METSG,EC:1.1.2.7/0.0007
tr|F4BXR2|F4BXR2_METSG,EC:1.11.1.28/0.0000
tr|F4BXS7|F4BXS7_METSG,EC:7.2.4.3/0.0001
tr|F4BXT4|F4BXT4_METSG,EC:5.3.4.1/0.0044
tr|F4BXV1|F4BXV1_METSG,EC:2.5.1.153/0.0000
tr|F4BXV3|F4BXV3_METSG,EC:5.4.2.8/0.5001,EC:5.4.2.10/0.4394
tr|F4BXW6|F4BXW6_METSG,EC:1.1.1.236/0.0001
tr|F4BXW7|F4BXW7_METSG,EC:1.1.1.236/0.0000,EC:3.1.4.4/0.0000
tr|F4BXW8|F4BXW8_METSG,EC:1.4.3.25/0.0000,EC:1.3.1.38/0.0000,EC:1.1.1.236/0.0000,EC:1.4.3.2/0.0000
tr|F4BXX2|F4BXX2_METSG,EC:4.99.1.3/0.6964
tr|F4BXX8|F4BXX8_METSG,EC:2.3.2.22/0.0006,EC:6.2.1.14/0.0004
tr|F4BXY1|F4BXY1_METSG,EC:2.8.4.1/0.9793
tr|F4BXY2|F4BXY2_METSG,EC:2.8.4.1/0.8242
tr|F4BXY3|F4BXY3_METSG,EC:6.2.1.14/0.0011,EC:3.2.2.17/0.0008
tr|F4BXY4|F4BXY4_METSG,EC:2.8.4.1/0.7829
tr|F4BXY9|F4BXY9_METSG,EC:2.6.1.57/0.7733
tr|F4BXZ4|F4BXZ4_METSG,EC:1.2.7.7/0.6637
tr|F4BXZ6|F4BXZ6_METSG,EC:3.2.2.22/0.0579
tr|F4BY31|F4BY31_METSG,EC:2.6.1.42/0.9805
tr|F4BY33|F4BY33_METSG,EC:2.6.1.1/0.9114
tr|F4BY44|F4BY44_METSG,EC:1.5.7.2/0.0005
tr|F4BY47|F4BY47_METSG,EC:1.6.5.2/0.0046,EC:1.3.5.3/0.0023
tr|F4BY48|F4BY48_METSG,EC:1.3.1.108/0.0000
tr|F4BY65|F4BY65_METSG,EC:2.1.1.86/0.0291
tr|F4BY67|F4BY67_METSG,EC:3.2.2.22/0.0030
tr|F4BY70|F4BY70_METSG,EC:4.3.3.6/0.9976
tr|F4BY71|F4BY71_METSG,EC:1.4.3.2/0.0000
tr|F4BY73|F4BY73_METSG,EC:2.7.2.3/0.9892
tr|F4BY85|F4BY85_METSG,EC:1.1.1.23/0.9131
tr|F4BY87|F4BY87_METSG,EC:1.1.1.3/0.1272
tr|F4BY88|F4BY88_METSG,EC:2.2.1.6/0.0007
tr|F4BY91|F4BY91_METSG,EC:1.17.1.8/0.9866
tr|F4BY92|F4BY92_METSG,EC:4.3.3.7/0.9981
tr|F4BYA4|F4BYA4_METSG,EC:6.2.1.30/0.9722
tr|F4BYA5|F4BYA5_METSG,EC:2.2.1.6/0.0364
tr|F4BYB3|F4BYB3_METSG,EC:3.6.4.6/0.1772
tr|F4BYB6|F4BYB6_METSG,EC:2.5.1.9/0.0001,EC:3.1.1.45/0.0000
tr|F4BYG4|F4BYG4_METSG,EC:3.2.2.22/0.0046
tr|F4BYH4|F4BYH4_METSG,EC:3.4.23.3/0.0008
tr|F4BYH6|F4BYH6_METSG,EC:6.3.3.7/0.0012
tr|F4BYH7|F4BYH7_METSG,EC:2.4.1.198/0.0000
tr|F4BYI3|F4BYI3_METSG,EC:1.5.98.2/0.9908
tr|F4BYJ2|F4BYJ2_METSG,EC:3.4.23.42/0.0170
tr|F4BYK3|F4BYK3_METSG,EC:2.6.1.83/0.9162
tr|F4BYP0|F4BYP0_METSG,EC:2.4.99.16/0.0000,EC:2.5.1.153/0.0000
tr|F4BYP1|F4BYP1_METSG,EC:3.2.1.28/0.0008
tr|F4BYP3|F4BYP3_METSG,EC:1.1.1.3/0.0000
tr|F4BYP5|F4BYP5_METSG,EC:5.4.3.8/0.9433
tr|F4BYQ0|F4BYQ0_METSG,EC:4.2.1.51/0.0030
tr|F4BYS5|F4BYS5_METSG,EC:3.5.1.124/0.4699,EC:4.2.1.130/0.4289
tr|F4BYT2|F4BYT2_METSG,EC:3.4.22.64/0.0000,EC:3.4.22.57/0.0000,EC:1.2.1.28/0.0000
tr|F4BYT8|F4BYT8_METSG,EC:1.14.19.47/0.0000,EC:1.16.1.7/0.0000
tr|F4BYW1|F4BYW1_METSG,EC:3.6.1.45/0.0023
tr|F4BYW8|F4BYW8_METSG,EC:4.1.1.23/0.1518
tr|F4BYY0|F4BYY0_METSG,EC:2.3.1.182/0.9774,EC:2.3.3.13/0.9735
tr|F4BYY1|F4BYY1_METSG,EC:1.4.3.2/0.0394
tr|F4BYY2|F4BYY2_METSG,EC:2.7.7.6/0.0001
tr|F4BYY6|F4BYY6_METSG,EC:1.14.99.39/0.0000
tr|F4BYY7|F4BYY7_METSG,EC:2.4.1.25/0.0000
tr|F4BYZ4|F4BYZ4_METSG,EC:1.7.2.7/0.0001
tr|F4BYZ5|F4BYZ5_METSG,EC:3.2.2.22/0.0045,EC:3.2.1.39/0.0043
tr|F4BYZ7|F4BYZ7_METSG,EC:2.6.1.112/0.0441
tr|F4BYZ8|F4BYZ8_METSG,EC:4.2.1.20/0.0883
tr|F4BZ00|F4BZ00_METSG,EC:3.6.4.12/0.0031
tr|F4BZ01|F4BZ01_METSG,EC:7.2.2.1/0.9822,EC:7.1.2.2/0.9718
tr|F4BZ02|F4BZ02_METSG,EC:7.2.2.1/0.9952,EC:7.1.2.2/0.9906
tr|F4BZ03|F4BZ03_METSG,EC:2.7.7.6/0.0005,EC:2.7.13.3/0.0003
tr|F4BZ04|F4BZ04_METSG,EC:3.1.4.59/0.0023
tr|F4BZ05|F4BZ05_METSG,EC:3.1.4.59/0.0008
tr|F4BZ07|F4BZ07_METSG,EC:3.6.1.27/0.0001
tr|F4BZ09|F4BZ09_METSG,EC:3.1.3.11/0.9970
tr|F4BZ10|F4BZ10_METSG,EC:5.1.3.40/0.0055
tr|F4BZ11|F4BZ11_METSG,EC:4.1.2.13/0.0066
tr|F4BZ32|F4BZ32_METSG,EC:2.5.1.81/0.9870
tr|F4BZ82|F4BZ82_METSG,EC:2.7.11.18/0.0018,EC:4.2.1.1/0.0016,EC:1.5.99.12/0.0015,EC:2.7.11.1/0.0014
tr|F4BZ87|F4BZ87_METSG,EC:3.6.4.10/0.8998
tr|F4BZ89|F4BZ89_METSG,EC:5.6.1.7/0.7741
tr|F4BZ97|F4BZ97_METSG,EC:3.2.1.18/0.0061
tr|F4BZ98|F4BZ98_METSG,EC:1.5.98.1/0.5378
tr|F4BZB0|F4BZB0_METSG,EC:2.1.1.86/0.0276
tr|F4BZB4|F4BZB4_METSG,EC:2.7.4.22/0.0000
tr|F4BZB5|F4BZB5_METSG,EC:3.1.26.5/0.0000
tr|F4BZC4|F4BZC4_METSG,EC:2.6.1.106/0.6150
tr|F4BZD3|F4BZD3_METSG,EC:2.7.7.27/0.1784
tr|F4BZF7|F4BZF7_METSG,EC:1.15.1.1/0.9181
tr|F4BZI4|F4BZI4_METSG,EC:1.1.1.88/0.9706
tr|F4BZI5|F4BZI5_METSG,EC:3.4.11.15/0.7310
tr|F4BZI6|F4BZI6_METSG,EC:4.1.99.5/0.0002
tr|F4BZJ6|F4BZJ6_METSG,EC:2.1.1.86/0.1236
tr|F4BZJ9|F4BZJ9_METSG,EC:4.2.1.104/0.0007
tr|F4BZK0|F4BZK0_METSG,EC:4.2.1.85/0.0000
tr|F4BZK1|F4BZK1_METSG,EC:2.3.1.16/0.1239,EC:2.3.1.155/0.0856
tr|F4BZK4|F4BZK4_METSG,EC:3.1.1.53/0.0006,EC:3.2.1.1/0.0006
tr|F4BZM2|F4BZM2_METSG,EC:3.2.2.22/0.0011
tr|F4BZP2|F4BZP2_METSG,EC:3.2.2.22/0.0332
tr|F4BZQ3|F4BZQ3_METSG,EC:4.2.1.9/0.9754
tr|F4BZQ7|F4BZQ7_METSG,EC:1.15.1.1/0.0090
tr|F4BZQ8|F4BZQ8_METSG,EC:4.1.99.26/0.0000,EC:1.3.98.7/0.0000
tr|F4BZS3|F4BZS3_METSG,EC:1.2.7.3/0.0958
tr|F4BZX3|F4BZX3_METSG,EC:2.7.7.6/0.0485
tr|F4BZX9|F4BZX9_METSG,EC:2.7.13.3/0.0000
tr|F4BZY1|F4BZY1_METSG,EC:3.1.6.1/0.1425
tr|F4BZY8|F4BZY8_METSG,EC:1.12.98.4/0.0001
tr|F4C004|F4C004_METSG,EC:1.7.7.1/0.0094
tr|F4C009|F4C009_METSG,EC:1.15.1.1/0.0053
tr|F4C013|F4C013_METSG,EC:3.2.1.11/0.0037
tr|F4C019|F4C019_METSG,EC:3.2.1.11/0.0003
tr|F4C025|F4C025_METSG,EC:6.3.2.36/0.0017
tr|F4C035|F4C035_METSG,EC:2.3.1.89/0.0159
tr|F4C059|F4C059_METSG,EC:1.4.1.24/0.9791
tr|F4C097|F4C097_METSG,EC:2.6.1.108/0.2238
tr|F4C0A1|F4C0A1_METSG,EC:3.2.1.39/0.0006,EC:3.2.1.102/0.0005
tr|F4C0B4|F4C0B4_METSG,EC:3.2.2.22/0.0023
tr|F4C0D4|F4C0D4_METSG,EC:4.3.1.17/0.0000
tr|F4C0D6|F4C0D6_METSG,EC:2.5.1.6/0.1466
tr|F4C0E8|F4C0E8_METSG,EC:1.11.1.24/0.7800
tr|F4C0E9|F4C0E9_METSG,EC:3.4.23.42/0.0120
tr|F4C0F8|F4C0F8_METSG,EC:6.3.4.23/0.1405
tr|F4C0F9|F4C0F9_METSG,EC:4.2.1.114/0.9927
tr|F4C0G0|F4C0G0_METSG,EC:1.1.1.85/0.9487
tr|F4C0G2|F4C0G2_METSG,EC:2.7.7.6/0.1911
tr|F4C0G3|F4C0G3_METSG,EC:2.7.7.6/0.0181
tr|F4C0G5|F4C0G5_METSG,EC:2.7.7.6/0.0123
tr|F4C0G7|F4C0G7_METSG,EC:2.7.1.202/0.0000,EC:1.14.13.25/0.0000
tr|F4C0H5|F4C0H5_METSG,EC:3.5.4.27/0.9935
tr|F4C0J4|F4C0J4_METSG,EC:1.1.1.42/0.0383
tr|F4C0J6|F4C0J6_METSG,EC:3.1.21.4/0.0071
tr|F4C0J8|F4C0J8_METSG,EC:4.2.1.114/0.9922
tr|F4C0K3|F4C0K3_METSG,EC:2.1.1.245/0.9937
tr|F4C0K4|F4C0K4_METSG,EC:2.1.1.86/0.0005,EC:4.1.2.13/0.0004,EC:1.21.4.1/0.0002
tr|F4C0K6|F4C0K6_METSG,EC:2.3.1.169/0.9955
tr|F4C0K8|F4C0K8_METSG,EC:1.2.7.4/0.9839
tr|F4C0L2|F4C0L2_METSG,EC:2.7.7.6/0.0296
tr|F4C0L8|F4C0L8_METSG,EC:1.2.7.8/0.0039
tr|F4C0N8|F4C0N8_METSG,EC:5.1.3.42/0.0000
tr|F4C0P0|F4C0P0_METSG,EC:3.1.4.59/0.0034
tr|F4C0P1|F4C0P1_METSG,EC:3.4.25.1/0.9979
tr|F4C0P9|F4C0P9_METSG,EC:1.2.7.4/0.8963
tr|F4C0Q1|F4C0Q1_METSG,EC:6.2.1.1/0.9897
tr|F4C0R1|F4C0R1_METSG,EC:4.2.2.17/0.0011
tr|F4C0R4|F4C0R4_METSG,EC:2.7.9.2/0.9962
tr|F4C0S9|F4C0S9_METSG,EC:1.2.1.59/0.0000
tr|F4C0T2|F4C0T2_METSG,EC:5.2.1.8/0.0027
tr|F4C0T3|F4C0T3_METSG,EC:1.2.7.12/0.0000,EC:2.3.1.101/0.0000,EC:1.2.5.3/0.0000
tr|F4C0T5|F4C0T5_METSG,EC:2.3.1.101/0.0000,EC:4.2.1.32/0.0000
tr|F4C0U6|F4C0U6_METSG,EC:1.2.99.7/0.0000
tr|F4C0V0|F4C0V0_METSG,EC:3.2.2.22/0.0018
tr|F4CC53|F4CC53_SPHS2,EC:2.4.1.353/0.0000
tr|F4L3Q0|F4L3Q0_HALH1,EC:1.1.1.1/0.0001
tr|F4LS80|F4LS80_TEPAE,EC:1.1.1.216/0.0000
tr|F4XG17|F4XG17_9FIRM,EC:1.2.1.12/0.9982
tr|F4XRY7|F4XRY7_9CYAN,EC:3.4.21.62/0.0000,EC:1.11.1.18/0.0000
tr|F5BHA1|F5BHA1_MYCTX,EC:2.3.1.103/0.0038,EC:2.3.1.92/0.0025
tr|F5IV93|F5IV93_9BACT,EC:4.2.2.7/0.0000
tr|F5IW97|F5IW97_9BACT,EC:3.1.1.32/0.0009,EC:3.1.1.4/0.0009
tr|F6D2X6|F6D2X6_METPW,EC:3.4.25.1/0.9974
tr|F6D382|F6D382_METPW,EC:1.12.98.1/0.0003,EC:1.13.11.9/0.0003
tr|F6D5H3|F6D5H3_METPW,EC:1.8.98.5/0.9963,EC:1.8.98.6/0.9940
tr|F6D5U5|F6D5U5_METPW,EC:1.5.98.2/0.9973
tr|F6D6U0|F6D6U0_METPW,EC:5.2.1.8/0.0030
tr|F6D738|F6D738_METPW,EC:3.2.1.8/0.0031
tr|F6D7Y3|F6D7Y3_METPW,EC:3.4.23.2/0.0096
tr|F6D7Y5|F6D7Y5_METPW,EC:1.3.7.15/0.0009
tr|F6D818|F6D818_METPW,EC:1.17.1.9/0.8970
tr|F6D829|F6D829_METPW,EC:1.2.7.12/0.9714
tr|F7NEC2|F7NEC2_9FIRM,EC:1.2.99.7/0.9946
tr|F7NEH6|F7NEH6_9FIRM,EC:5.1.3.11/0.0000,EC:5.4.99.60/0.0000
tr|F8C5N9|F8C5N9_THEGP,EC:3.4.24.18/0.0024
tr|F8EXX3|F8EXX3_GRAC1,EC:3.2.1.4/0.0000,EC:1.3.1.104/0.0000,EC:3.1.7.6/0.0000,EC:3.1.3.54/0.0000
tr|F8EYL4|F8EYL4_GRAC1,EC:5.6.1.7/0.9988
tr|F8EZ43|F8EZ43_GRAC1,EC:2.7.11.2/0.0032
tr|F8EZD4|F8EZD4_GRAC1,EC:3.4.21.32/0.0000
tr|F8EZK4|F8EZK4_GRAC1,EC:1.1.1.62/0.0005
tr|F8WSS2|F8WSS2_9NEIS,EC:3.4.24.39/0.0001
tr|F8X307|F8X307_9BACT,EC:4.6.1.2/0.0000
tr|F9Z2U3|F9Z2U3_ODOSD,EC:1.16.1.9/0.0000,EC:7.5.2.7/0.0000,EC:3.1.1.11/0.0000,EC:2.3.1.50/0.0000
tr|G0L710|G0L710_ZOBGA,EC:3.1.1.74/0.0000
tr|G0V3W0|G0V3W0_9CLOT,EC:3.4.11.7/0.0012
tr|G1UW22|G1UW22_9BACT,EC:3.1.1.75/0.0003,EC:3.1.1.76/0.0002
tr|G1V0E1|G1V0E1_9BACT,EC:1.1.1.1/0.0000,EC:3.4.14.4/0.0000
tr|G1V966|G1V966_9BACT,EC:1.1.1.1/0.0000,EC:1.14.19.52/0.0000
tr|G1VDM6|G1VDM6_9BACT,EC:3.2.2.22/0.0112
tr|G2EHN0|G2EHN0_9FLAO,EC:3.1.1.76/0.0000
tr|G2FJ73|G2FJ73_9GAMM,EC:3.3.1.1/0.6960
tr|G2LEQ0|G2LEQ0_CHLTF,EC:1.1.2.6/0.0000,EC:2.7.8.40/0.0000,EC:3.4.11.14/0.0000
tr|G2LIE5|G2LIE5_CHLTF,EC:1.1.2.6/0.0000
tr|G2T0P2|G2T0P2_ROSHA,EC:7.2.1.2/0.0000
tr|G3F6H2|G3F6H2_UNCAX,EC:2.8.4.1/0.0936
tr|G3JZY0|G3JZY0_STROR,EC:1.4.1.24/0.0001
tr|G3XHD3|G3XHD3_BOWSE,EC:2.7.7.6/0.1566
tr|G4RG22|G4RG22_PELHB,EC:2.7.13.3/0.9421
tr|G4T183|G4T183_META2,EC:3.5.1.44/0.0011
tr|G4V2P8|G4V2P8_9BRAS,EC:4.1.1.19/0.6939
tr|G5CBT7|G5CBT7_MALDO,EC:2.7.11.1/0.0049,EC:2.7.10.1/0.0031,EC:2.7.13.3/0.0022
tr|G5CBT9|G5CBT9_MALDO,EC:2.7.11.1/0.0065,EC:2.7.13.3/0.0035,EC:2.7.10.1/0.0021
tr|G5HGM3|G5HGM3_9FIRM,EC:7.2.1.2/0.0000
tr|G5HMI0|G5HMI0_9FIRM,EC:1.1.1.102/0.0000
tr|G6FMN6|G6FMN6_9CYAN,EC:2.7.1.121/0.6865
tr|G7LU14|G7LU14_9GAMM,EC:1.2.1.38/0.9872
tr|G7Q9I9|G7Q9I9_9BACT,EC:1.2.99.7/0.9989
tr|G7Q9M3|G7Q9M3_9BACT,EC:3.4.24.18/0.0001
tr|G7TFL4|G7TFL4_XANOB,EC:2.7.8.20/0.0000,EC:7.2.2.13/0.0000
tr|G7TLM7|G7TLM7_XANOB,EC:7.2.2.13/0.0000
tr|G7V633|G7V633_THELD,EC:1.21.4.2/0.8237,EC:1.21.4.3/0.7278,EC:1.21.4.4/0.7146
tr|G7V6U1|G7V6U1_THELD,EC:1.1.1.216/0.0000
tr|G7V798|G7V798_THELD,EC:3.1.3.3/0.0001
tr|G7V7E8|G7V7E8_THELD,EC:1.1.1.62/0.0000,EC:1.1.1.200/0.0000,EC:1.1.1.146/0.0000
tr|G7V7P7|G7V7P7_THELD,EC:1.97.1.1/0.0002
tr|G7V893|G7V893_THELD,EC:2.3.1.19/0.9720
tr|G7V8I7|G7V8I7_THELD,EC:3.4.24.7/0.0000
tr|G7V8J2|G7V8J2_THELD,EC:1.97.1.9/0.0000
tr|G7V8K9|G7V8K9_THELD,EC:3.2.1.176/0.0000
tr|G7V8M3|G7V8M3_THELD,EC:3.4.19.13/0.9414,EC:2.3.2.2/0.9414
tr|G7V8P5|G7V8P5_THELD,EC:5.6.1.7/0.9983
tr|G7VA51|G7VA51_THELD,EC:4.3.3.2/0.0000
tr|G7WHU1|G7WHU1_DESOD,EC:2.8.3.12/0.9162
tr|G7WIZ1|G7WIZ1_DESOD,EC:4.2.1.17/0.0001
tr|G7WKA8|G7WKA8_METH6,EC:3.2.2.22/0.0137
tr|G7WKC0|G7WKC0_METH6,EC:2.6.1.42/0.9496
tr|G7WKQ8|G7WKQ8_METH6,EC:3.2.2.22/0.0382
tr|G7WL91|G7WL91_METH6,EC:1.4.3.2/0.0025,EC:3.2.2.22/0.0022
tr|G7WLZ5|G7WLZ5_METH6,EC:2.7.13.3/0.0000
tr|G7WMJ5|G7WMJ5_METH6,EC:5.1.3.37/0.0046
tr|G7WN84|G7WN84_METH6,EC:3.2.2.22/0.0012,EC:1.15.1.1/0.0009
tr|G7WNF5|G7WNF5_METH6,EC:1.7.5.1/0.0942
tr|G7WNH4|G7WNH4_METH6,EC:3.1.1.76/0.0001,EC:3.1.4.50/0.0000
tr|G7WNW1|G7WNW1_METH6,EC:2.1.1.86/0.0000
tr|G7WNW7|G7WNW7_METH6,EC:1.1.1.383/0.0007
tr|G7WPK1|G7WPK1_METH6,EC:5.4.2.7/0.0001
tr|G7WPK5|G7WPK5_METH6,EC:3.1.6.1/0.0048
tr|G7WPU2|G7WPU2_METH6,EC:3.4.14.5/0.0243
tr|G7WQG4|G7WQG4_METH6,EC:3.4.25.1/0.7147
tr|G7WR46|G7WR46_METH6,EC:3.6.4.6/0.8840
tr|G7WRG7|G7WRG7_METH6,EC:1.5.7.2/0.0000,EC:1.12.98.1/0.0000
tr|G8CTG9|G8CTG9_9CAUD,EC:3.1.21.4/0.0000,EC:5.2.1.8/0.0000
tr|G8HQP8|G8HQP8_CLOBO,EC:4.2.1.20/0.7453
tr|G8HQR6|G8HQR6_CLOBO,EC:3.6.5.3/0.0003
tr|G8QRB0|G8QRB0_SPHPG,EC:1.14.19.51/0.0000
tr|G8QSV1|G8QSV1_SPHPG,EC:1.14.14.160/0.0000
tr|G8QTD5|G8QTD5_SPHPG,EC:5.4.99.52/0.0000,EC:5.4.99.54/0.0000
tr|G8QUH7|G8QUH7_SPHPG,EC:1.1.1.200/0.0000
tr|G8QUZ6|G8QUZ6_SPHPG,EC:3.2.1.181/0.0000
tr|G8QYD3|G8QYD3_SPHPG,EC:3.2.1.151/0.0000
tr|G8R3D9|G8R3D9_OWEHD,EC:3.2.1.4/0.0000
tr|G8R3G4|G8R3G4_OWEHD,EC:4.2.2.17/0.0001
tr|G8TMW4|G8TMW4_NIAKG,EC:3.2.2.22/0.0008
tr|G8UM80|G8UM80_TANFA,EC:2.4.1.19/0.0000,EC:3.4.24.33/0.0000,EC:3.4.24.76/0.0000
tr|G9LNI9|G9LNI9_9ASPA,EC:2.7.7.6/0.8014
tr|G9XCY3|G9XCY3_9FIRM,EC:3.2.2.22/0.0560
tr|H0UJ41|H0UJ41_9BACT,EC:1.1.1.201/0.0000,EC:1.1.1.1/0.0000,EC:1.1.1.146/0.0000
tr|H0UK06|H0UK06_9BACT,EC:6.2.1.14/0.0101
tr|H0UQE1|H0UQE1_9BACT,EC:5.6.1.7/0.9987
tr|H0UR29|H0UR29_9BACT,EC:1.1.1.80/0.0000
tr|H0USJ8|H0USJ8_9BACT,EC:1.1.1.1/0.0001
tr|H1XX94|H1XX94_CALAY,EC:1.2.1.58/0.0000
tr|H1XYF8|H1XYF8_CALAY,EC:5.2.1.8/0.0031
tr|H1YXH1|H1YXH1_9EURY,EC:2.1.1.86/0.0056
tr|H2BX39|H2BX39_GILLR,EC:3.2.2.22/0.0000
tr|H2CBF1|H2CBF1_9LEPT,EC:3.4.24.18/0.0014,EC:2.7.11.2/0.0012
tr|H2CF33|H2CF33_9LEPT,EC:2.7.11.2/0.0014
tr|H2EIF6|H2EIF6_MALDO,EC:2.1.1.10/0.9956
tr|H2J318|H2J318_MARPK,EC:3.6.1.45/0.7669
tr|H2J467|H2J467_MARPK,EC:1.97.1.9/0.0000
tr|H2J5U7|H2J5U7_MARPK,EC:2.7.13.3/0.0462
tr|H3K2E4|H3K2E4_METSH,EC:2.8.4.1/0.9950
tr|H3SJF0|H3SJF0_9BACL,EC:1.97.1.9/0.0006
tr|H5SAJ5|H5SAJ5_9CHLR,EC:1.5.1.36/0.0001
tr|H5SBE9|H5SBE9_9CHLR,EC:5.3.4.1/0.0203
tr|H5SFF1|H5SFF1_9BACT,EC:3.1.1.76/0.0001
tr|H5SHN9|H5SHN9_9CHLR,EC:3.6.4.10/0.3812
tr|H5SKV0|H5SKV0_9ZZZZ,EC:1.4.1.2/0.9826
tr|H5SPT3|H5SPT3_9BACT,EC:3.4.21.26/0.5439
tr|H5SQE7|H5SQE7_ACEAU,EC:2.6.1.3/0.0000
tr|H5XUX6|H5XUX6_9FIRM,EC:1.3.8.1/0.5005,EC:1.3.8.7/0.2369
tr|H6RQ75|H6RQ75_BLASD,EC:4.2.2.17/0.0033
tr|H7FMD0|H7FMD0_FLAFP,EC:3.2.1.11/0.0001
tr|H8I8V8|H8I8V8_METCZ,EC:2.4.1.19/0.0003
tr|H8IAP7|H8IAP7_METCZ,EC:2.7.8.42/0.0000
tr|H8MEU3|H8MEU3_CORCM,EC:3.2.1.4/0.0009
tr|H8MQY3|H8MQY3_CORCM,EC:5.6.1.7/0.9987
tr|H8MY94|H8MY94_CORCM,EC:4.1.99.11/0.0000
tr|H8ZXG3|H8ZXG3_9EUGL,EC:3.6.5.3/0.2814
tr|H9TJQ6|H9TJQ6_SALET,EC:6.3.2.38/0.9989
tr|H9TJW2|H9TJW2_SALET,EC:2.8.1.13/0.0000
tr|H9TKM2|H9TKM2_SALET,EC:3.6.1.15/0.0000
tr|H9U9H4|H9U9H4_FERPD,EC:3.2.1.14/0.0000
tr|H9UAD6|H9UAD6_FERPD,EC:3.4.25.1/0.0001,EC:3.6.1.5/0.0001
tr|H9UC07|H9UC07_FERPD,EC:5.4.2.12/0.9235
tr|I0AGU1|I0AGU1_IGNAJ,EC:2.4.1.198/0.0004
tr|I0AJM9|I0AJM9_IGNAJ,EC:3.1.21.1/0.0000
tr|I0AK42|I0AK42_IGNAJ,EC:3.4.24.20/0.0000
tr|I0AK44|I0AK44_IGNAJ,EC:3.4.25.1/0.0001
tr|I0AKB8|I0AKB8_IGNAJ,EC:3.1.1.76/0.0000
tr|I0AKM4|I0AKM4_IGNAJ,EC:1.2.1.58/0.0000,EC:4.2.1.139/0.0000
tr|I0ALK3|I0ALK3_IGNAJ,EC:3.4.13.18/0.1119,EC:3.4.11.4/0.0695
tr|I0BK35|I0BK35_9BACL,EC:3.4.11.5/0.0001
tr|I0HYT2|I0HYT2_CALAS,EC:2.7.13.3/0.0007
tr|I0HZS3|I0HZS3_CALAS,EC:2.2.1.1/0.0000,EC:2.5.1.2/0.0000
tr|I0I052|I0I052_CALAS,EC:3.2.2.22/0.0002
tr|I0I0I6|I0I0I6_CALAS,EC:3.4.21.53/0.0046
tr|I0I103|I0I103_CALAS,EC:2.4.2.44/0.0130
tr|I0I1K6|I0I1K6_CALAS,EC:4.2.3.38/0.0000
tr|I0I6K1|I0I6K1_CALAS,EC:1.12.1.3/0.2649
tr|I0IKN4|I0IKN4_LEPFC,EC:3.1.3.48/0.0057,EC:1.14.14.1/0.0044,EC:3.1.1.4/0.0033
tr|I0JRL0|I0JRL0_HALH3,EC:1.11.1.6/0.0006
tr|I0UVT1|I0UVT1_9MICC,EC:1.2.1.12/0.9937
tr|I0XB92|I0XB92_9SPIR,EC:3.2.2.22/0.0001
tr|I0Z0P2|I0Z0P2_COCSC,EC:2.7.10.1/0.0548
tr|I0Z730|I0Z730_COCSC,EC:2.3.1.41/0.0027
tr|I1DSM8|I1DSM8_9GAMM,EC:3.4.21.62/0.0001
tr|I1T4P5|I1T4P5_9ROSI,EC:3.6.5.2/0.9879
tr|I1TK77|I1TK77_9MOLU,EC:2.7.7.6/0.8138
tr|I2F1Z3|I2F1Z3_9BACT,EC:1.97.1.1/0.0000
tr|I2F2A0|I2F2A0_9BACT,EC:7.2.1.1/0.0000
tr|I2F2P3|I2F2P3_9BACT,EC:3.4.11.6/0.0000
tr|I2F4X0|I2F4X0_9BACT,EC:3.4.24.18/0.0000,EC:2.7.7.67/0.0000
tr|I2F718|I2F718_9BACT,EC:1.3.1.3/0.0000
tr|I2GKZ5|I2GKZ5_9BACT,EC:3.1.1.107/0.0004
tr|I2PXQ9|I2PXQ9_9BACT,EC:1.12.1.3/0.9471
tr|I2PXU6|I2PXU6_9BACT,EC:1.1.1.202/0.9476
tr|I3C1H9|I3C1H9_9FLAO,EC:3.1.1.74/0.0000,EC:1.2.1.82/0.0000
tr|I3CL05|I3CL05_9GAMM,EC:3.2.1.81/0.0091
tr|I3I6E9|I3I6E9_9GAMM,EC:3.2.1.81/0.0002
tr|I3JEI9|I3JEI9_ORENI,EC:2.7.11.18/0.8995
tr|I3NUN5|I3NUN5_PLOBU,EC:3.2.2.29/0.0010,EC:3.1.26.5/0.0008
tr|I3VVV5|I3VVV5_THESW,EC:2.3.1.n6/0.0000,EC:2.3.1.n7/0.0000,EC:2.3.1.23/0.0000
tr|I3WKF3|I3WKF3_BIFBI,EC:4.2.1.69/0.0018,EC:3.1.4.56/0.0013
tr|I3ZBA7|I3ZBA7_TERRK,EC:1.14.14.1/0.0000
tr|I3ZCW8|I3ZCW8_TERRK,EC:1.14.14.1/0.0000
tr|I3ZEB8|I3ZEB8_TERRK,EC:1.14.14.1/0.0000
tr|I3ZIX2|I3ZIX2_TERRK,EC:1.14.14.1/0.0000,EC:3.1.1.75/0.0000,EC:1.1.2.6/0.0000
tr|I4A4E0|I4A4E0_DESDJ,EC:2.2.1.6/0.0190
tr|I4BUX4|I4BUX4_ACEMN,EC:5.6.1.7/0.9981
tr|I4BX69|I4BX69_ACEMN,EC:1.2.4.1/0.8602
tr|I4BZ67|I4BZ67_ACEMN,EC:1.97.1.1/0.0000
tr|I4C1A4|I4C1A4_DESTA,EC:4.1.1.4/0.0059
tr|I4C4L6|I4C4L6_DESTA,EC:1.2.99.7/0.9978
tr|I4C6E3|I4C6E3_DESTA,EC:2.3.1.176/0.1515
tr|I4CA52|I4CA52_DESTA,EC:1.3.8.1/0.0090,EC:1.3.8.11/0.0083
tr|I4CBF5|I4CBF5_DESTA,EC:1.8.7.3/0.0000,EC:1.8.98.4/0.0000
tr|I4CBF8|I4CBF8_DESTA,EC:1.12.98.3/0.0000
tr|I4CD46|I4CD46_DESTA,EC:1.3.8.11/0.1531
tr|I5B4X9|I5B4X9_9BACT,EC:5.6.1.7/0.9989
tr|I5C1K3|I5C1K3_9BACT,EC:3.4.24.39/0.0075
tr|I6XGE8|I6XGE8_9CAUD,EC:4.2.2.17/0.0003
tr|I7A3Y0|I7A3Y0_MELRP,EC:4.1.2.22/0.0034
tr|I7DA89|I7DA89_SALER,EC:3.1.6.1/0.9904
tr|I7EF02|I7EF02_GEOSL,EC:3.2.2.22/0.0001
tr|I7K7D0|I7K7D0_9CLOT,EC:1.3.7.3/0.0321,EC:4.2.3.38/0.0165,EC:2.5.1.30/0.0106
tr|I7LIY3|I7LIY3_METBM,EC:2.8.4.1/0.0000
tr|I9ABI9|I9ABI9_9BACE,EC:4.2.1.133/0.0000
tr|I9B541|I9B541_9FIRM,EC:1.2.99.7/0.9834
tr|I9KF72|I9KF72_9ACTN,EC:3.4.24.33/0.0000
tr|I9LC57|I9LC57_9FIRM,EC:1.15.1.2/0.9750
tr|I9LEV0|I9LEV0_9FIRM,EC:2.2.1.6/0.0136
tr|I9NCA8|I9NCA8_RHILT,EC:3.6.1.45/0.8795
tr|I9NFR2|I9NFR2_RHILT,EC:1.14.14.51/0.0007,EC:1.14.14.52/0.0007,EC:2.7.13.3/0.0005
tr|I9VHX8|I9VHX8_BACFG,EC:3.1.21.4/0.0004
tr|I9X0J4|I9X0J4_RHILT,EC:3.2.2.22/0.0004
tr|I9X9A6|I9X9A6_RHILT,EC:1.1.1.102/0.0020
tr|I9XHX8|I9XHX8_RHILT,EC:3.1.21.4/0.3430
tr|I9XI41|I9XI41_RHILT,EC:6.3.5.1/0.9295
tr|I9ZN41|I9ZN41_HELPX,EC:3.1.26.5/0.0579
tr|J0GX79|J0GX79_RHILT,EC:2.4.1.18/0.9974
tr|J0GXF8|J0GXF8_RHILT,EC:1.5.3.1/0.4982
tr|J0H608|J0H608_RHILT,EC:3.1.1.23/0.0524,EC:3.1.2.22/0.0462
tr|J0H612|J0H612_RHILT,EC:5.4.99.2/0.0000
tr|J0HCT8|J0HCT8_RHILT,EC:2.7.7.n6/0.0042
tr|J0RY20|J0RY20_9EURY,EC:1.5.98.1/0.9953
tr|J0RY59|J0RY59_9EURY,EC:2.8.4.1/0.9956
tr|J1H030|J1H030_CLOS9,EC:2.3.1.n6/0.0000,EC:2.3.1.n7/0.0000,EC:2.3.1.121/0.0000
tr|J1H354|J1H354_CLOS9,EC:1.1.1.190/0.0000,EC:1.1.1.191/0.0000
tr|J1HAK4|J1HAK4_CLOS9,EC:4.2.1.11/0.9984
tr|J1I3M7|J1I3M7_9BACT,EC:3.1.21.1/0.0001
tr|J1L3I8|J1L3I8_9EURY,EC:2.4.1.19/0.0000
tr|J2PJM2|J2PJM2_9BACL,EC:3.2.2.22/0.0009
tr|J2WTF7|J2WTF7_9BRAD,EC:3.2.2.22/0.0067
tr|J3C526|J3C526_FLASC,EC:2.7.13.3/0.0000
tr|J3JFR1|J3JFR1_9EURY,EC:4.4.1.3/0.0000,EC:3.2.2.22/0.0000,EC:1.8.1.9/0.0000
tr|J4KM59|J4KM59_BEAB2,EC:4.6.1.24/0.0044
tr|J6UBS2|J6UBS2_9RHOB,EC:1.17.1.5/0.1739,EC:1.2.99.7/0.1680
tr|J7J1V9|J7J1V9_DESMD,EC:1.1.1.159/0.5122,EC:1.1.1.178/0.4544
tr|J7LPI6|J7LPI6_SALET,EC:3.1.21.4/0.0001
tr|J7LQP0|J7LQP0_SALET,EC:3.1.21.4/0.0012
tr|J7Q6J5|J7Q6J5_ECOLX,EC:5.4.2.2/0.9419
tr|J7QY30|J7QY30_ECOLX,EC:3.5.4.10/0.0000,EC:2.1.2.3/0.0000
tr|J9G6Y0|J9G6Y0_9ZZZZ,EC:5.6.1.7/0.0011
tr|J9VFD8|J9VFD8_MYCTX,EC:2.7.7.6/0.0152
tr|K0AXF7|K0AXF7_GOTA9,EC:1.14.14.61/0.0000
tr|K0YV38|K0YV38_9ACTO,EC:3.1.4.12/0.0001
tr|K1MCD4|K1MCD4_9LACT,EC:1.21.4.2/0.9534,EC:1.21.4.4/0.8687,EC:1.21.4.3/0.8679
tr|K1TSN6|K1TSN6_9ZZZZ,EC:2.7.3.5/0.0000
tr|K1WWL5|K1WWL5_MARBU,EC:2.4.1.282/0.0000
tr|K1Y0P8|K1Y0P8_9BACT,EC:1.3.8.1/0.4100
tr|K1Y2X6|K1Y2X6_9BACT,EC:3.4.24.1/0.0007
tr|K1Y3I3|K1Y3I3_9BACT,EC:2.7.10.1/0.0000
tr|K1Y6T9|K1Y6T9_9BACT,EC:3.2.1.151/0.0002
tr|K1Y8P4|K1Y8P4_9BACT,EC:1.21.4.2/0.0044
tr|K1YAM0|K1YAM0_9BACT,EC:3.2.1.14/0.0085
tr|K1YCX2|K1YCX2_9BACT,EC:3.2.2.22/0.0029,EC:3.1.3.1/0.0018,EC:3.2.1.14/0.0018
tr|K1YHD0|K1YHD0_9BACT,EC:1.3.99.32/0.2508
tr|K2CR50|K2CR50_9BACT,EC:3.4.21.32/0.0000
tr|K2CT31|K2CT31_9BACT,EC:2.7.1.11/0.9978
tr|K2D2X6|K2D2X6_9BACT,EC:3.6.5.3/0.0002
tr|K2D500|K2D500_9BACT,EC:1.1.1.29/0.0017,EC:1.1.1.110/0.0009
tr|K2DQ07|K2DQ07_9BACT,EC:2.7.9.2/0.5455,EC:2.7.9.1/0.5111
tr|K2DQQ0|K2DQQ0_9BACT,EC:1.3.1.97/0.0000,EC:1.97.1.1/0.0000
tr|K2E7V3|K2E7V3_9BACT,EC:2.7.8.8/0.0000
tr|K2Q9W3|K2Q9W3_METFP,EC:3.6.1.55/0.0000,EC:3.4.25.1/0.0000
tr|K2QE46|K2QE46_METFP,EC:2.4.2.8/0.0364,EC:2.4.2.10/0.0261
tr|K2QWB3|K2QWB3_METFP,EC:5.2.1.8/0.0981
tr|K2QYM4|K2QYM4_METFP,EC:2.8.4.1/0.9974
tr|K2R153|K2R153_METFP,EC:2.7.7.6/0.0002
tr|K2R2T6|K2R2T6_METFP,EC:3.4.25.1/0.8929
tr|K2R3R6|K2R3R6_METFP,EC:5.3.3.7/0.0000
tr|K2R3X9|K2R3X9_METFP,EC:1.5.98.2/0.9955
tr|K2R6I7|K2R6I7_METFP,EC:1.8.98.5/0.9922,EC:1.8.98.6/0.9910
tr|K2R8M5|K2R8M5_METFP,EC:2.1.1.86/0.0002
tr|K2RAN9|K2RAN9_METFP,EC:2.8.4.1/0.9860
tr|K2RAW4|K2RAW4_METFP,EC:2.8.4.1/0.0133
tr|K2RBU1|K2RBU1_METFP,EC:7.2.2.1/0.9947,EC:7.1.2.2/0.9831
tr|K2RCN2|K2RCN2_METFP,EC:1.8.98.5/0.9919,EC:1.8.98.6/0.9914
tr|K2REI5|K2REI5_METFP,EC:1.12.98.1/0.7527
tr|K2RRN3|K2RRN3_METFP,EC:1.12.98.1/0.3569,EC:1.12.1.2/0.3070
tr|K2RRZ7|K2RRZ7_METFP,EC:3.6.1.9/0.0001
tr|K3ZHE6|K3ZHE6_SETIT,EC:4.2.3.58/0.0000
tr|K4KZ81|K4KZ81_SIMAS,EC:3.4.19.1/0.0004
tr|K5C9G4|K5C9G4_9BACE,EC:3.2.1.28/0.0000
tr|K5CJG4|K5CJG4_9BACE,EC:2.4.1.353/0.0000
tr|K5ZHM4|K5ZHM4_9BACT,EC:3.2.2.22/0.1007
tr|K6A6P6|K6A6P6_9BACT,EC:3.2.2.22/0.4872
tr|K6AP91|K6AP91_9BACT,EC:5.2.1.8/0.0566
tr|K6ATV6|K6ATV6_9BACT,EC:1.16.1.7/0.0000,EC:1.12.2.1/0.0000
tr|K6C025|K6C025_SCHAZ,EC:2.3.1.101/0.0003
tr|K6GMR5|K6GMR5_9BACT,EC:3.4.24.18/0.0001
tr|K6T7B3|K6T7B3_9EURY,EC:2.4.2.10/0.0457,EC:2.4.2.8/0.0250
tr|K6TIY8|K6TIY8_9EURY,EC:1.12.98.1/0.8753
tr|K6TLX4|K6TLX4_9EURY,EC:1.8.98.6/0.9944,EC:1.8.98.5/0.9939
tr|K6TPF5|K6TPF5_9EURY,EC:1.12.98.1/0.3370,EC:1.12.1.2/0.2529
tr|K6TT41|K6TT41_9EURY,EC:2.7.7.6/0.0000
tr|K6TY70|K6TY70_9EURY,EC:3.2.1.4/0.0000,EC:3.4.24.1/0.0000
tr|K6U020|K6U020_9EURY,EC:3.1.26.5/0.0008
tr|K6U0D5|K6U0D5_9EURY,EC:2.8.4.1/0.4874
tr|K6U0X0|K6U0X0_9EURY,EC:5.1.1.4/0.0000,EC:3.5.2.18/0.0000,EC:5.4.99.50/0.0000,EC:5.3.3.7/0.0000
tr|K6U1N4|K6U1N4_9EURY,EC:4.2.3.104/0.2630
tr|K6U3N2|K6U3N2_9EURY,EC:1.2.7.12/0.0004
tr|K6U6K0|K6U6K0_9EURY,EC:2.7.1.202/0.0001
tr|K6U8X0|K6U8X0_9EURY,EC:1.8.98.5/0.6172,EC:1.8.98.6/0.4882
tr|K6Y347|K6Y347_9ALTE,EC:2.7.13.3/0.0000
tr|K7ATD6|K7ATD6_9ALTE,EC:3.2.2.22/0.5251
tr|K7ZPQ2|K7ZPQ2_9BACT,EC:1.12.7.2/0.0000
tr|K8EA32|K8EA32_9FIRM,EC:3.2.2.22/0.1146
tr|K8PA47|K8PA47_9BRAD,EC:7.5.2.13/0.0000
tr|K9IZS4|K9IZS4_DESRO,EC:3.2.2.6/0.0136
tr|K9QIK0|K9QIK0_9NOSO,EC:3.5.4.4/0.0165
tr|K9S4F8|K9S4F8_9CYAN,EC:3.2.1.39/0.0001,EC:3.1.4.35/0.0001
tr|K9Z2F0|K9Z2F0_CYAAP,EC:1.14.99.53/0.0000,EC:1.8.5.3/0.0000
tr|L0DDH1|L0DDH1_SINAD,EC:2.4.2.31/0.0002
tr|L0F326|L0F326_DESDL,EC:4.2.1.54/0.0003
tr|L0F5D2|L0F5D2_DESDL,EC:1.3.7.8/0.0041,EC:1.3.99.n1/0.0041,EC:4.2.1.157/0.0017,EC:4.2.1.54/0.0015
tr|L0FWI5|L0FWI5_ECHVK,EC:2.4.1.5/0.0011
tr|L0HAF8|L0HAF8_METFS,EC:1.17.98.4/0.2801,EC:1.17.2.3/0.1793
tr|L0HCB0|L0HCB0_METFS,EC:2.7.9.2/0.9955
tr|L0HDN6|L0HDN6_METFS,EC:2.7.11.1/0.0170
tr|L0HEI3|L0HEI3_METFS,EC:1.12.98.1/0.0122
tr|L0HES5|L0HES5_METFS,EC:1.16.3.2/0.9861
tr|L0HFT2|L0HFT2_METFS,EC:2.8.4.1/0.7260
tr|L0HFW2|L0HFW2_METFS,EC:3.1.26.5/0.0014,EC:3.1.21.10/0.0008
tr|L0HG11|L0HG11_METFS,EC:3.2.2.22/0.0205,EC:2.4.2.30/0.0101
tr|L0HIQ8|L0HIQ8_METFS,EC:1.5.98.2/0.9176
tr|L0HJY3|L0HJY3_METFS,EC:2.1.1.86/0.1606
tr|L0ILR7|L0ILR7_THETR,EC:2.2.1.6/0.0170
tr|L0JZN7|L0JZN7_9EURY,EC:5.4.99.5/0.0098
tr|L0K857|L0K857_HALHC,EC:3.4.21.107/0.9804
tr|L0KCY7|L0KCY7_HALHC,EC:1.1.1.64/0.0015
tr|L0KVN3|L0KVN3_METHD,EC:4.6.1.1/0.2593
tr|L0MCI7|L0MCI7_9GAMM,EC:3.6.1.6/0.0000
tr|L1N9G4|L1N9G4_9PORP,EC:1.14.14.1/0.0000
tr|L1P9P4|L1P9P4_9FLAO,EC:2.3.1.251/0.0007
tr|L2F9A7|L2F9A7_9GAMM,EC:3.6.5.3/0.0739
tr|L7VM58|L7VM58_THES1,EC:5.6.1.7/0.9986
tr|L7VMR9|L7VMR9_THES1,EC:7.2.1.1/0.0000
tr|L7VQZ8|L7VQZ8_THES1,EC:5.2.1.14/0.0000
tr|L8JIG6|L8JIG6_9BACT,EC:3.2.2.22/0.0002
tr|L8JP53|L8JP53_9BACT,EC:4.2.2.17/0.0012,EC:3.2.2.22/0.0008
tr|L9WFN2|L9WFN2_9EURY,EC:3.1.1.6/0.0816
tr|M1LVL4|M1LVL4_PSEPU,EC:5.6.2.2/0.9614
tr|M1MG29|M1MG29_9CLOT,EC:3.1.21.4/0.0073
tr|M1Q1L6|M1Q1L6_9ZZZZ,EC:1.97.1.9/0.0000,EC:3.2.1.1/0.0000,EC:3.4.24.7/0.0000
tr|M1QKA3|M1QKA3_METMZ,EC:3.1.6.1/0.0007
tr|M1RXY2|M1RXY2_LYSSH,EC:3.2.2.22/0.0007,EC:5.3.4.1/0.0005
tr|M1WQQ7|M1WQQ7_PSEP2,EC:1.2.99.7/0.9981
tr|M1YSW3|M1YSW3_9FIRM,EC:4.1.2.25/0.0147
tr|M1YW01|M1YW01_9FIRM,EC:2.3.1.9/0.9941
tr|M1Z9Q4|M1Z9Q4_9FIRM,EC:2.7.1.199/0.0001
tr|M1ZA28|M1ZA28_9FIRM,EC:2.8.3.23/0.8300
tr|M1ZBV0|M1ZBV0_9FIRM,EC:1.21.4.2/0.8939
tr|M1ZGP3|M1ZGP3_9FIRM,EC:1.1.1.203/0.0000
tr|M2YDL9|M2YDL9_9MICC,EC:3.6.1.26/0.0000
tr|M3A349|M3A349_STRMB,EC:2.7.1.30/0.9945
tr|M4XGM6|M4XGM6_9PSED,EC:3.2.2.22/0.0068
tr|M5TBI2|M5TBI2_9BACT,EC:5.2.1.8/0.0000
tr|M5WYY7|M5WYY7_PRUPE,EC:3.6.1.62/0.0044
tr|M6DE26|M6DE26_9LEPT,EC:3.4.24.18/0.0006
tr|M6RNF5|M6RNF5_LEPIR,EC:3.2.1.76/0.0000,EC:2.4.2.31/0.0000
tr|M7MJM9|M7MJM9_9FLAO,EC:3.1.1.76/0.0000
tr|M7MRY9|M7MRY9_9MICC,EC:5.3.3.8/0.0000,EC:4.2.1.17/0.0000
tr|M7N7V5|M7N7V5_9BACT,EC:3.2.2.22/0.0011,EC:4.2.2.2/0.0009
tr|M8BDN1|M8BDN1_AEGTA,EC:3.2.2.6/0.1377
tr|M8DAL6|M8DAL6_9BACL,EC:2.2.1.6/0.0204
tr|M8DHA8|M8DHA8_THETY,EC:3.4.11.7/0.0053
tr|M8DX24|M8DX24_9BACL,EC:1.97.1.9/0.0024
tr|M9LNZ2|M9LNZ2_PAEPP,EC:3.1.1.32/0.0067,EC:3.6.1.5/0.0063
tr|N0AUX5|N0AUX5_9BACI,EC:1.1.1.244/0.7378
tr|N0B8V7|N0B8V7_9HYPH,EC:3.4.24.40/0.0007
tr|N0BEM0|N0BEM0_9EURY,EC:1.8.99.2/0.9954
tr|N1R2D4|N1R2D4_AEGTA,EC:2.3.2.27/0.0001
tr|N8QX94|N8QX94_9GAMM,EC:1.11.1.7/0.0025
tr|N8QYX3|N8QYX3_9GAMM,EC:3.6.5.3/0.1581
tr|N8WIR9|N8WIR9_9GAMM,EC:2.1.1.167/0.0003
tr|N9VLD9|N9VLD9_9GAMM,EC:3.2.1.11/0.0088
tr|O03386|O03386_VICFA,EC:7.1.1.2/0.0321
sp|O27236|MCRB_METTH,EC:2.8.4.1/0.9881
sp|O27731|HMT2_METTH,EC:2.7.7.6/0.0009
tr|O33459|O33459_PSEPU,EC:6.2.1.17/0.9669,EC:6.2.1.1/0.9583
tr|O54044|O54044_PSEAI,EC:1.7.5.1/0.9891
tr|O54666|O54666_AMYMD,EC:6.2.1.72/0.0010
sp|P06131|FDHA_METFO,EC:1.17.1.9/0.7579
sp|P11560|MCRB_METTM,EC:2.8.4.1/0.9880
sp|P19649|TMPB_TREPA,EC:3.2.2.6/0.0005
sp|P21982|FLAA_SPIAU,EC:1.7.2.7/0.0116
sp|P26692|ACDA_METSH,EC:1.2.7.4/0.9825
sp|P27096|YAC1_METSH,EC:1.4.3.2/0.0032
sp|P50483|HMT1_METTH,EC:2.7.7.6/0.0007,EC:1.2.7.12/0.0006
tr|Q01NN3|Q01NN3_SOLUE,EC:1.14.14.1/0.0000
tr|Q01Q37|Q01Q37_SOLUE,EC:3.2.2.22/0.0179
tr|Q01S00|Q01S00_SOLUE,EC:1.14.14.1/0.0000,EC:4.2.1.152/0.0000
sp|Q01SX2|EFTU_SOLUE,EC:3.6.5.3/0.1605
tr|Q01YW5|Q01YW5_SOLUE,EC:1.14.14.1/0.0000
tr|Q020T4|Q020T4_SOLUE,EC:1.14.14.1/0.0000
tr|Q026I6|Q026I6_SOLUE,EC:1.14.14.1/0.0000
tr|Q026X1|Q026X1_SOLUE,EC:1.14.14.1/0.0000
tr|Q029C2|Q029C2_SOLUE,EC:1.1.2.6/0.0000
tr|Q029P2|Q029P2_SOLUE,EC:1.14.14.1/0.0000
tr|Q02BD5|Q02BD5_SOLUE,EC:3.2.2.22/0.1740
sp|Q0AUD1|ATPA_SYNWW,EC:7.1.2.2/0.9985,EC:7.2.2.1/0.9983
sp|Q0AUD3|ATPB_SYNWW,EC:7.1.2.2/0.9986,EC:7.2.2.1/0.9978
sp|Q0AVM3|THLA_SYNWW,EC:2.3.1.9/0.9899
sp|Q0AVV1|CH60_SYNWW,EC:5.6.1.7/0.9986
tr|Q0AWW8|Q0AWW8_SYNWW,EC:2.8.3.12/0.9841
tr|Q0AYW6|Q0AYW6_SYNWW,EC:2.3.1.8/0.9286
sp|Q0AZ33|ETFA_SYNWW,EC:2.7.3.9/0.0002
sp|Q0AZ34|ETFB_SYNWW,EC:1.3.1.108/0.0769
tr|Q0B0L0|Q0B0L0_SYNWW,EC:3.2.2.22/0.2507
tr|Q0B0L6|Q0B0L6_SYNWW,EC:3.2.2.22/0.3319
tr|Q0D4D9|Q0D4D9_ORYSJ,EC:3.4.21.105/0.0038
tr|Q0D551|Q0D551_ORYSJ,EC:3.4.23.5/0.0000,EC:2.1.1.210/0.0000
sp|Q2QM62|KN14R_ORYSJ,EC:2.7.12.1/0.2892
tr|Q0IZ33|Q0IZ33_ORYSJ,EC:4.2.3.144/0.0001
tr|Q0IZ45|Q0IZ45_ORYSJ,EC:4.2.3.58/0.0007,EC:3.2.2.6/0.0006
tr|Q0J365|Q0J365_ORYSJ,EC:2.3.2.26/0.0014
tr|Q0J4L3|Q0J4L3_ORYSJ,EC:2.7.11.1/0.8737
tr|Q0P7J8|Q0P7J8_ECOLX,EC:6.2.1.53/0.0025
tr|Q103D3|Q103D3_SALET,EC:3.4.21.107/0.0001,EC:2.7.13.3/0.0001
tr|Q12HS5|Q12HS5_SHEDO,EC:1.16.1.7/0.0001
tr|Q19TU1|Q19TU1_DESDE,EC:1.8.99.2/0.9988
tr|Q1IJQ5|Q1IJQ5_KORVE,EC:3.1.1.75/0.0000
tr|Q1IKU3|Q1IKU3_KORVE,EC:1.14.14.1/0.0000
tr|Q1ILS6|Q1ILS6_KORVE,EC:7.2.4.3/0.0001
tr|Q1IRJ7|Q1IRJ7_KORVE,EC:1.14.14.1/0.0000
tr|Q1IST1|Q1IST1_KORVE,EC:3.2.1.55/0.0000
tr|Q1JZL4|Q1JZL4_DESA6,EC:1.2.7.6/0.0077
tr|Q1K036|Q1K036_DESA6,EC:1.15.1.2/0.9666
tr|Q1K0I0|Q1K0I0_DESA6,EC:3.1.1.32/0.0005,EC:4.2.1.124/0.0004
tr|Q1KZ15|Q1KZ15_9MAGN,EC:4.1.1.39/0.9989
tr|Q1Q633|Q1Q633_KUEST,EC:3.2.2.22/0.0240,EC:3.6.1.5/0.0137
tr|Q202A2|Q202A2_STRPY,EC:3.4.21.62/0.0008,EC:3.1.1.1/0.0007
tr|Q2BFV1|Q2BFV1_9BACI,EC:3.6.1.45/0.0000
tr|Q2CGU7|Q2CGU7_OCEGH,EC:3.4.23.44/0.0000
tr|Q2FQP2|Q2FQP2_METHJ,EC:3.6.4.10/0.9713
sp|Q2FRI3|EF1A_METHJ,EC:3.6.5.3/0.4697
tr|Q2FRN0|Q2FRN0_METHJ,EC:2.1.1.86/0.0500
tr|Q2FS26|Q2FS26_METHJ,EC:3.2.2.22/0.0034
tr|Q2FSD8|Q2FSD8_METHJ,EC:2.8.4.1/0.9848
tr|Q2FSN0|Q2FSN0_METHJ,EC:2.8.4.1/0.9754
tr|Q2FSN5|Q2FSN5_METHJ,EC:4.3.3.2/0.0000
tr|Q2FTS3|Q2FTS3_METHJ,EC:3.2.2.22/0.0006,EC:3.2.1.39/0.0004
tr|Q2FTS9|Q2FTS9_METHJ,EC:1.5.98.2/0.9128
sp|Q2FU89|MTD_METHJ,EC:1.5.98.1/0.9911
sp|Q2II78|EFTU_ANADE,EC:3.6.5.3/0.0332
tr|Q2LPG9|Q2LPG9_SYNAS,EC:5.4.2.12/0.0020
sp|Q2LTG7|CH602_SYNAS,EC:5.6.1.7/0.9985
tr|Q2LTH8|Q2LTH8_SYNAS,EC:5.3.4.1/0.0027
sp|Q2LUH6|DNAK_SYNAS,EC:3.6.4.10/0.8555
tr|Q2LUP5|Q2LUP5_SYNAS,EC:7.2.1.1/0.0001
tr|Q2LW75|Q2LW75_SYNAS,EC:1.7.7.1/0.0136
tr|Q2LWR0|Q2LWR0_SYNAS,EC:3.4.21.107/0.0014,EC:1.3.1.108/0.0010
tr|Q2LWR1|Q2LWR1_SYNAS,EC:1.8.98.1/0.9401
tr|Q2LWR5|Q2LWR5_SYNAS,EC:3.2.1.4/0.0005
sp|Q2LXU2|BAMA_SYNAS,EC:3.7.1.21/0.9976
tr|Q2MCV5|Q2MCV5_STEMA,EC:6.5.1.1/0.0003
tr|Q2QQH0|Q2QQH0_ORYSJ,EC:2.7.7.7/0.0122
tr|Q2QRG5|Q2QRG5_ORYSJ,EC:2.4.1.14/0.0011,EC:2.7.11.1/0.0010
tr|Q2QX83|Q2QX83_ORYSJ,EC:3.1.3.48/0.0037
tr|Q2R3U4|Q2R3U4_ORYSJ,EC:2.1.1.369/0.0002
tr|Q2R496|Q2R496_ORYSJ,EC:2.1.1.241/0.0003
tr|Q2RG10|Q2RG10_MOOTA,EC:3.2.2.22/0.3798
sp|Q2RI41|OORA_MOOTA,EC:1.2.7.10/0.9968
tr|Q2Y4K2|Q2Y4K2_UNCAX,EC:3.4.21.32/0.0000,EC:3.2.1.4/0.0000
tr|Q30VU1|Q30VU1_OLEA2,EC:2.7.13.3/0.0028
tr|Q31UK4|Q31UK4_SHIBS,EC:5.3.4.1/0.0197,EC:1.8.1.8/0.0168
sp|Q326J2|DAPB_SHIBS,EC:1.17.1.8/0.9969
tr|Q336M9|Q336M9_ORYSJ,EC:7.2.4.2/0.0000
tr|Q338A3|Q338A3_ORYSJ,EC:4.6.1.1/0.0215
tr|Q33BJ5|Q33BJ5_ORYSJ,EC:2.3.1.48/0.0175,EC:2.3.2.27/0.0123
sp|Q39Q56|ATPB_GEOMG,EC:7.1.2.2/0.9985,EC:7.2.2.1/0.9969
tr|Q39QF1|Q39QF1_GEOMG,EC:1.4.9.1/0.0003,EC:5.3.4.1/0.0002
tr|Q39TZ4|Q39TZ4_GEOMG,EC:2.7.11.1/0.0001,EC:3.1.26.5/0.0001,EC:1.12.98.3/0.0001,EC:2.7.7.6/0.0000
tr|Q39U79|Q39U79_GEOMG,EC:2.5.1.17/0.0001
tr|Q39VY9|Q39VY9_GEOMG,EC:2.7.7.6/0.0002
sp|Q39W76|ILVC_GEOMG,EC:1.1.1.86/0.9978,EC:1.1.1.383/0.9978
tr|Q39W77|Q39W77_GEOMG,EC:2.2.1.6/0.9923
sp|Q39W87|EFTS_GEOMG,EC:2.7.7.6/0.0075
tr|Q39WK8|Q39WK8_GEOMG,EC:3.2.2.5/0.0002
tr|Q39WT8|Q39WT8_GEOMG,EC:1.1.1.202/0.7582,EC:1.1.1.244/0.7300
tr|Q39WU2|Q39WU2_GEOMG,EC:2.3.1.298/0.0002,EC:3.2.1.8/0.0002
tr|Q39X93|Q39X93_GEOMG,EC:4.2.2.n1/0.0000
tr|Q39YC2|Q39YC2_GEOMG,EC:5.2.1.8/0.0000
tr|Q3A063|Q3A063_SYNC1,EC:1.14.14.99/0.0014,EC:3.2.1.81/0.0010
tr|Q3A0M4|Q3A0M4_SYNC1,EC:1.1.1.77/0.5354
tr|Q3A0M5|Q3A0M5_SYNC1,EC:1.1.1.244/0.9637
tr|Q3A0W4|Q3A0W4_SYNC1,EC:1.2.1.76/0.9687
tr|Q3A1K9|Q3A1K9_SYNC1,EC:1.1.1.244/0.9855
tr|Q3A1P2|Q3A1P2_SYNC1,EC:4.2.1.81/0.0002
tr|Q3A1P3|Q3A1P3_SYNC1,EC:2.7.7.6/0.0006
tr|Q3A1X1|Q3A1X1_SYNC1,EC:2.4.1.19/0.0000,EC:1.4.3.2/0.0000
tr|Q3A2K2|Q3A2K2_SYNC1,EC:5.2.1.8/0.0002
tr|Q3A3H2|Q3A3H2_SYNC1,EC:1.12.1.3/0.9622
tr|Q3A430|Q3A430_SYNC1,EC:1.12.1.3/0.4381
tr|Q3A458|Q3A458_SYNC1,EC:1.12.1.3/0.7246
tr|Q3A461|Q3A461_SYNC1,EC:1.12.1.3/0.9760
tr|Q3A4R6|Q3A4R6_SYNC1,EC:3.2.1.81/0.0016
tr|Q3A5T4|Q3A5T4_SYNC1,EC:2.1.1.86/0.0002
tr|Q3A6B7|Q3A6B7_SYNC1,EC:1.12.1.3/0.9778
tr|Q3A731|Q3A731_SYNC1,EC:3.5.4.39/0.0005
tr|Q3A7B5|Q3A7B5_SYNC1,EC:3.1.1.32/0.0033
tr|Q3A7D0|Q3A7D0_SYNC1,EC:2.4.1.198/0.0002
tr|Q3A7X6|Q3A7X6_SYNC1,EC:1.1.1.202/0.2931,EC:1.1.1.77/0.2486,EC:1.1.1.244/0.1523
tr|Q3A7X7|Q3A7X7_SYNC1,EC:1.2.7.6/0.0815
sp|Q3A9J4|GRDB_CARHZ,EC:1.21.4.2/0.9900
tr|Q3AAM4|Q3AAM4_CARHZ,EC:1.4.1.13/0.1882
tr|Q3J7Z2|Q3J7Z2_NITOC,EC:3.2.1.81/0.0061
tr|Q3JA35|Q3JA35_NITOC,EC:3.4.21.12/0.0000
tr|Q43131|Q43131_VICFA,EC:7.1.2.1/0.9988
sp|Q46505|HNDA_SOLFR,EC:1.12.1.3/0.9884
sp|Q46506|HNDB_SOLFR,EC:1.12.1.3/0.9709
tr|Q467V6|Q467V6_METBF,EC:3.2.2.6/0.0029
tr|Q469S0|Q469S0_METBF,EC:3.4.24.89/0.0001
tr|Q46CZ5|Q46CZ5_METBF,EC:2.3.1.23/0.0000,EC:2.3.1.n6/0.0000,EC:2.3.1.n7/0.0000
tr|Q46ER8|Q46ER8_METBF,EC:2.3.1.23/0.0000
tr|Q46MT1|Q46MT1_CUPPJ,EC:1.15.1.1/0.0005
tr|Q48937|Q48937_METBA,EC:2.3.1.23/0.0000,EC:2.3.1.n6/0.0000,EC:2.3.1.n7/0.0000
tr|Q49C06|Q49C06_9EURY,EC:2.8.4.1/0.0950
tr|Q49C07|Q49C07_9EURY,EC:2.8.4.1/0.3957
tr|Q4W1V6|Q4W1V6_ACTPL,EC:3.6.4.12/0.0000,EC:2.7.7.101/0.0000,EC:3.1.21.4/0.0000
sp|Q50774|MTRG_METTM,EC:2.1.1.86/0.9555
tr|Q56UU6|Q56UU6_ORYSJ,EC:4.6.1.24/0.0530
sp|Q58441|MTD_METJA,EC:1.5.98.1/0.9973
tr|Q5J6D1|Q5J6D1_PINTO,EC:2.7.7.49/0.0030
tr|Q5N9Q5|Q5N9Q5_ORYSJ,EC:2.3.1.48/0.0008,EC:2.7.13.3/0.0008
tr|Q5UB16|Q5UB16_PHYCI,EC:3.1.3.48/0.0028
tr|Q5ZAW5|Q5ZAW5_ORYSJ,EC:2.4.1.198/0.0037
tr|Q64C79|Q64C79_9EURY,EC:3.2.2.22/0.0259
tr|Q6A2C5|Q6A2C5_9MARC,EC:7.1.1.2/0.0814
tr|Q6JAZ9|Q6JAZ9_ECOLX,EC:5.2.1.8/0.0010
tr|Q6L881|Q6L881_9EUGL,EC:4.6.1.1/0.9748
tr|Q6SZ09|Q6SZ09_STRPY,EC:2.1.1.72/0.0000
tr|Q6TL21|Q6TL21_ANETH,EC:3.2.2.22/0.2448
tr|Q6ZGD9|Q6ZGD9_ORYSJ,EC:3.2.2.6/0.0009
tr|Q6ZLH9|Q6ZLH9_ORYSJ,EC:2.7.11.1/0.0019
tr|Q711B3|Q711B3_STRPY,EC:1.11.1.7/0.0015,EC:2.7.11.1/0.0013
tr|Q71EW6|Q71EW6_SYNAC,EC:3.1.1.32/0.0440
sp|Q747C7|CH60_GEOSL,EC:5.6.1.7/0.9986
sp|Q748X8|EFTU_GEOSL,EC:3.6.5.3/0.0213
sp|Q74AR6|ENO_GEOSL,EC:4.2.1.11/0.9985
tr|Q74BK3|Q74BK3_GEOSL,EC:3.1.21.1/0.0000
tr|Q74BL3|Q74BL3_GEOSL,EC:3.2.2.22/0.0001,EC:2.7.11.12/0.0001,EC:5.2.1.8/0.0001
sp|Q74BW9|ILVC_GEOSL,EC:1.1.1.86/0.9983,EC:1.1.1.383/0.9973
tr|Q74EZ9|Q74EZ9_GEOSL,EC:4.1.1.22/0.0001
tr|Q74G87|Q74G87_GEOSL,EC:1.1.1.149/0.0009
sp|Q74GY2|ATPA_GEOSL,EC:7.1.2.2/0.9986
sp|Q74H59|DNAK_GEOSL,EC:3.6.4.10/0.7235
tr|Q75J75|Q75J75_ORYSJ,EC:3.1.3.48/0.0248
tr|Q75LG0|Q75LG0_ORYSJ,EC:2.7.11.1/0.0178
tr|Q7BMI5|Q7BMI5_STRPY,EC:3.1.26.12/0.0000
tr|Q7NCI3|Q7NCI3_GLOVI,EC:3.2.2.22/0.0026
tr|Q7NDN5|Q7NDN5_GLOVI,EC:2.7.10.1/0.0004,EC:3.2.2.22/0.0003,EC:5.1.3.37/0.0003
tr|Q7X0X9|Q7X0X9_STRPY,EC:4.6.1.1/0.0014
tr|Q7XBS7|Q7XBS7_ORYSJ,EC:2.7.7.7/0.0052,EC:3.6.4.13/0.0032,EC:2.7.7.49/0.0024
tr|Q7XWU7|Q7XWU7_ORYSJ,EC:2.7.7.48/0.0012
tr|Q7XXG3|Q7XXG3_ORYSJ,EC:2.7.7.48/0.0223
tr|Q8A7M2|Q8A7M2_BACTN,EC:3.2.2.22/0.0055
tr|Q8EN17|Q8EN17_OCEIH,EC:1.1.1.159/0.7200
tr|Q8KRL0|Q8KRL0_ECOLX,EC:3.4.24.3/0.0025,EC:3.6.1.5/0.0016
tr|Q8PVI1|Q8PVI1_METMA,EC:3.1.6.1/0.0026
tr|Q8RJ10|Q8RJ10_STRPY,EC:3.2.1.11/0.0005
tr|Q8S5S7|Q8S5S7_ORYSJ,EC:2.7.7.7/0.1047,EC:2.7.7.49/0.0764
tr|Q8TJS7|Q8TJS7_METAC,EC:3.4.24.1/0.0002
tr|Q8TN07|Q8TN07_METAC,EC:3.1.1.10/0.0000
tr|Q8TNP2|Q8TNP2_METAC,EC:2.1.1.86/0.0006
tr|Q8TPY7|Q8TPY7_METAC,EC:3.2.1.4/0.0031,EC:2.4.1.19/0.0022
tr|Q8TTX3|Q8TTX3_METAC,EC:2.4.1.198/0.0000
tr|Q8VRR0|Q8VRR0_SYNFM,EC:1.8.99.5/0.9925
tr|Q8VRT1|Q8VRT1_9BACT,EC:1.8.99.2/0.0095
tr|Q8W2Z0|Q8W2Z0_ORYSJ,EC:2.7.11.1/0.0502
tr|Q8YZI6|Q8YZI6_NOSS1,EC:3.2.1.102/0.0010
tr|Q93EU4|Q93EU4_9BACT,EC:1.8.99.5/0.9371
tr|Q93EU5|Q93EU5_9BACT,EC:1.8.99.5/0.9912
tr|Q9AE02|Q9AE02_AMYMD,EC:1.14.13.220/0.9280
tr|Q9AEM3|Q9AEM3_CLODI,EC:3.2.2.22/0.0640
tr|Q9AVP6|Q9AVP6_VICFA,EC:7.1.2.1/0.9986
sp|Q9EV94|GRDE_ACESD,EC:1.21.4.2/0.8828
tr|Q9R9Z6|Q9R9Z6_PSEPU,EC:1.14.12.13/0.9647
tr|Q9RLP3|Q9RLP3_MYCTX,EC:4.6.1.1/0.0000
tr|Q9WXS6|Q9WXS6_THEMA,EC:3.4.21.32/0.0000
tr|Q9XDA2|Q9XDA2_THECU,EC:3.4.11.6/0.0001
tr|Q9Z428|Q9Z428_PSEPU,EC:1.13.11.2/0.9986
tr|R1ASI4|R1ASI4_9FIRM,EC:1.21.4.2/0.8461
tr|R1ASS6|R1ASS6_9FIRM,EC:2.3.1.101/0.0000
tr|R1CBC8|R1CBC8_9FIRM,EC:1.21.4.2/0.9873,EC:1.21.4.4/0.9625,EC:1.21.4.3/0.9619
tr|R1CI03|R1CI03_9FIRM,EC:4.3.1.14/0.9986
tr|R1CP65|R1CP65_9FIRM,EC:1.2.1.82/0.0001
tr|R1CSD5|R1CSD5_9FIRM,EC:1.21.4.2/0.0297,EC:1.21.4.3/0.0126,EC:1.21.4.4/0.0119
tr|R1CU03|R1CU03_9FIRM,EC:5.6.1.7/0.9979
tr|R1CUK3|R1CUK3_9FIRM,EC:5.3.3.7/0.0000
tr|R2QTP1|R2QTP1_9ENTE,EC:3.4.21.53/0.0033
tr|R2QVW8|R2QVW8_9ENTE,EC:4.2.1.99/0.9961,EC:4.2.1.3/0.9940
tr|R4G013|R4G013_9BACL,EC:3.1.1.74/0.0005
tr|R4G6B0|R4G6B0_9BACL,EC:3.2.1.135/0.0325
tr|R4NED8|R4NED8_CLOBO,EC:6.5.1.1/0.0014
tr|R4R8A7|R4R8A7_9BACT,EC:1.8.3.4/0.0002
tr|R4XB98|R4XB98_TAPDE,EC:3.5.1.23/0.0551
tr|R5A6U0|R5A6U0_9CLOT,EC:5.2.1.8/0.0039
tr|R5AIL1|R5AIL1_9CLOT,EC:1.14.19.47/0.0000,EC:1.14.19.38/0.0000
tr|R5AJ49|R5AJ49_9CLOT,EC:1.2.1.12/0.9977
tr|R5AN25|R5AN25_9CLOT,EC:5.6.1.7/0.9989
tr|R5AUK8|R5AUK8_9CLOT,EC:4.1.2.13/0.9414
tr|R5B543|R5B543_9CLOT,EC:3.6.5.3/0.1367
tr|R5B677|R5B677_9CLOT,EC:1.21.4.2/0.9485
tr|R5BCC1|R5BCC1_9CLOT,EC:7.2.1.2/0.0029
tr|R5C908|R5C908_9FIRM,EC:1.14.19.31/0.0000
tr|R5CL47|R5CL47_9FIRM,EC:1.5.1.23/0.0000
tr|R5EDR2|R5EDR2_9FIRM,EC:1.97.1.2/0.0000
tr|R5IHQ8|R5IHQ8_9FIRM,EC:7.2.1.2/0.0002
tr|R5IUB2|R5IUB2_9FIRM,EC:2.6.1.77/0.0000
tr|R5IUY3|R5IUY3_9FIRM,EC:3.2.1.4/0.0114
tr|R5IYI9|R5IYI9_9FIRM,EC:3.2.1.8/0.0000
tr|R5KG11|R5KG11_9BACT,EC:4.2.2.2/0.0003,EC:3.2.1.151/0.0003,EC:4.2.2.10/0.0002
tr|R5P4E8|R5P4E8_9BACT,EC:3.2.2.22/0.0001
tr|R5PN61|R5PN61_9BACT,EC:2.4.1.353/0.0000
tr|R5TPD2|R5TPD2_9FIRM,EC:7.2.1.2/0.0005
tr|R5VY39|R5VY39_9BACT,EC:1.14.14.1/0.0000,EC:1.1.99.30/0.0000
tr|R5YUA2|R5YUA2_9FIRM,EC:4.1.2.13/0.9581
tr|R6AW96|R6AW96_9CLOT,EC:2.6.1.52/0.9967
tr|R6BR61|R6BR61_9CLOT,EC:7.2.1.2/0.0001
tr|R6C9X5|R6C9X5_9CLOT,EC:7.2.1.2/0.0000
tr|R6D3U3|R6D3U3_9BACE,EC:1.16.1.9/0.0000
tr|R6DUF5|R6DUF5_9FIRM,EC:2.2.1.6/0.0001
tr|R6FLJ1|R6FLJ1_9BACE,EC:1.5.1.23/0.0000
tr|R6LIJ9|R6LIJ9_9FIRM,EC:2.6.1.52/0.9851
tr|R6NFR6|R6NFR6_9FIRM,EC:1.1.1.354/0.0000
tr|R6XH07|R6XH07_9BACT,EC:3.2.2.22/0.0002
tr|R6YHM3|R6YHM3_9FIRM,EC:7.2.1.2/0.0004
tr|R7KD67|R7KD67_9FIRM,EC:1.12.98.1/0.0001
tr|R7LES4|R7LES4_9BACT,EC:4.2.2.9/0.0021
tr|R7MUF0|R7MUF0_MEGEL,EC:1.3.8.11/0.0202
tr|R7XE79|R7XE79_9BURK,EC:3.1.3.1/0.0002
tr|R8W0F3|R8W0F3_9FIRM,EC:2.2.1.6/0.0083
tr|R9GLJ3|R9GLJ3_9SPHI,EC:2.7.1.51/0.0001
tr|R9GY12|R9GY12_9SPHI,EC:4.2.1.152/0.0000,EC:1.14.14.1/0.0000,EC:1.1.99.30/0.0000
tr|R9H3X4|R9H3X4_9SPHI,EC:2.7.13.3/0.0000
tr|R9HHB2|R9HHB2_BACT4,EC:3.2.2.22/0.0208
tr|R9I8A2|R9I8A2_9BACT,EC:3.4.11.6/0.0004,EC:3.3.2.10/0.0004
tr|R9L4G3|R9L4G3_9BACL,EC:3.2.2.22/0.0006
tr|R9LC79|R9LC79_9FIRM,EC:2.4.1.198/0.0001
tr|S0EWK0|S0EWK0_CHTCT,EC:1.14.14.1/0.0001,EC:3.1.1.75/0.0001
tr|S0EX61|S0EX61_CHTCT,EC:3.2.1.1/0.0007,EC:3.4.21.32/0.0006
tr|S0F203|S0F203_SALET,EC:2.4.1.369/0.9696
tr|S0FUD1|S0FUD1_RUMCE,EC:1.5.1.23/0.0000
tr|S0G508|S0G508_9BACT,EC:3.2.1.14/0.0037,EC:3.2.2.22/0.0030
tr|S0GNB7|S0GNB7_9BACT,EC:1.97.1.9/0.0000
tr|S0GNQ5|S0GNQ5_9BACT,EC:3.2.2.22/0.0032
tr|S0GP50|S0GP50_9BACT,EC:3.2.2.22/0.3482
tr|S0GS27|S0GS27_9BACT,EC:3.1.1.11/0.0000,EC:3.4.24.1/0.0000
tr|S0GTY4|S0GTY4_9BACT,EC:3.4.24.1/0.0000
tr|S0KXL5|S0KXL5_9ENTE,EC:7.2.2.10/0.0015,EC:7.2.2.14/0.0015,EC:7.2.2.8/0.0011
tr|S0PBP9|S0PBP9_9ENTE,EC:2.7.11.1/0.5916
tr|S1NE10|S1NE10_9ENTE,EC:6.3.4.3/0.9984
tr|S1NI13|S1NI13_9ENTE,EC:4.2.1.104/0.0006,EC:3.1.21.4/0.0006
tr|S1NWB0|S1NWB0_9ENTE,EC:2.6.1.2/0.9273
tr|S1NYY8|S1NYY8_9ENTE,EC:6.4.1.3/0.0846
tr|S2D9A2|S2D9A2_INDAL,EC:2.4.1.5/0.0006
tr|S2DF40|S2DF40_INDAL,EC:1.1.1.56/0.0000
tr|S2E8V6|S2E8V6_INDAL,EC:2.7.8.20/0.0000
tr|S2ZAB9|S2ZAB9_9ACTN,EC:2.4.2.31/0.0029
tr|S3N6N9|S3N6N9_9GAMM,EC:3.4.23.48/0.0021,EC:3.1.1.107/0.0021
tr|S3WQV2|S3WQV2_9ACTN,EC:1.3.5.4/0.3461
tr|S3X5J4|S3X5J4_9ACTN,EC:2.2.1.6/0.0008
tr|S4WB64|S4WB64_9BACT,EC:3.1.21.1/0.0007
tr|S5DM28|S5DM28_9ACTN,EC:5.1.3.1/0.4041
tr|S5DNW6|S5DNW6_9ACTN,EC:3.6.4.10/0.9058
tr|S5DQP2|S5DQP2_9ACTN,EC:5.2.1.8/0.0105
tr|S5M928|S5M928_9CAUD,EC:4.7.1.1/0.0001
tr|S5ZRV8|S5ZRV8_9SPIR,EC:1.1.1.206/0.0000
tr|S5ZUP1|S5ZUP1_9CREN,EC:3.4.21.32/0.0000
tr|S7TWR2|S7TWR2_DESML,EC:1.1.1.244/0.6134
tr|S7TYS9|S7TYS9_DESML,EC:1.12.1.2/0.0068
tr|S7U4F1|S7U4F1_9BACT,EC:1.1.1.202/0.8923,EC:1.1.1.244/0.7287
tr|S7U5D2|S7U5D2_9BACT,EC:3.2.1.151/0.0003
tr|S7USU4|S7USU4_9BACT,EC:1.1.1.14/0.0138
tr|S7V5F0|S7V5F0_DESML,EC:1.12.1.2/0.9042
tr|S8FBS3|S8FBS3_9BACT,EC:3.1.1.73/0.0000,EC:3.1.1.11/0.0000,EC:3.4.24.1/0.0000
tr|S9NVF1|S9NVF1_CYSF2,EC:1.1.1.1/0.0001
tr|S9SLW8|S9SLW8_PAEAL,EC:3.2.2.22/0.0017
tr|T0RVS3|T0RVS3_9BACT,EC:3.2.1.35/0.0015
tr|T0T0S1|T0T0S1_9BACT,EC:3.4.24.20/0.0003
tr|T1C730|T1C730_9ZZZZ,EC:4.6.1.23/0.0086
tr|U1R3B8|U1R3B8_9PAST,EC:3.5.1.104/0.0070,EC:3.5.1.28/0.0033
tr|U2B7G9|U2B7G9_9PSED,EC:1.14.13.25/0.0003
tr|U2IY26|U2IY26_9SPHI,EC:1.1.99.30/0.0000
tr|U2JET0|U2JET0_9SPHI,EC:3.1.1.74/0.0000
tr|U2TGF5|U2TGF5_9FIRM,EC:1.2.1.82/0.0000
tr|U4R337|U4R337_9FIRM,EC:1.1.1.330/0.0002
tr|U4R5R1|U4R5R1_9FIRM,EC:5.6.1.7/0.9988
tr|U5C0K9|U5C0K9_9BACT,EC:3.1.1.74/0.0000
tr|U5L3Q3|U5L3Q3_POPTO,EC:2.4.1.12/0.9311
tr|U5PWW2|U5PWW2_9CAUD,EC:4.7.1.1/0.0000,EC:4.2.1.147/0.0000
tr|U5Q2N1|U5Q2N1_9BACT,EC:1.3.5.4/0.0883
tr|U5Q4Z0|U5Q4Z0_9BACT,EC:1.14.14.119/0.0000,EC:1.14.19.29/0.0000
tr|U5Q7A1|U5Q7A1_9BACT,EC:3.2.2.22/0.1048
tr|U5Q7I2|U5Q7I2_9BACT,EC:2.7.13.3/0.0000
tr|U6EA74|U6EA74_9EURY,EC:5.6.1.7/0.1922
tr|U6EA90|U6EA90_9EURY,EC:3.4.25.1/0.8908
tr|U6EB36|U6EB36_9EURY,EC:2.3.1.288/0.0000
tr|U6EBR7|U6EBR7_9EURY,EC:1.2.7.12/0.1567
tr|U6EBU8|U6EBU8_9EURY,EC:5.2.1.8/0.0017,EC:2.3.2.27/0.0012
tr|U6ECD7|U6ECD7_9EURY,EC:2.7.7.6/0.0001
tr|U6ECM8|U6ECM8_9EURY,EC:3.2.1.8/0.0186
tr|U6EDD7|U6EDD7_9EURY,EC:1.12.98.1/0.8937
tr|U6EE04|U6EE04_9EURY,EC:1.8.98.5/0.0081,EC:1.8.98.6/0.0047
tr|U6EEA9|U6EEA9_9EURY,EC:2.8.4.1/0.7487
tr|U6EEC5|U6EEC5_9EURY,EC:2.8.4.1/0.9752
tr|U6EEP1|U6EEP1_9EURY,EC:2.8.4.1/0.9973
tr|U6EF41|U6EF41_9EURY,EC:3.4.25.1/0.9983
tr|U6EF42|U6EF42_9EURY,EC:1.8.98.5/0.9970,EC:1.8.98.6/0.9954
tr|U6EF83|U6EF83_9EURY,EC:2.7.7.6/0.0001,EC:2.7.13.3/0.0001,EC:2.4.1.198/0.0001
tr|U7D7H7|U7D7H7_9BACT,EC:3.2.2.22/0.0031
tr|V4ALB7|V4ALB7_LOTGI,EC:3.6.4.13/0.6625
tr|V4JAW4|V4JAW4_9BACT,EC:5.3.1.13/0.0000
tr|V4JLC9|V4JLC9_9BACT,EC:3.2.2.6/0.0000
tr|V4L3T2|V4L3T2_9BACT,EC:1.1.1.62/0.0000
tr|V4L3Y2|V4L3Y2_9GAMM,EC:1.14.14.111/0.0010
tr|V4L783|V4L783_9BACT,EC:1.97.1.9/0.0008
tr|V5EMR2|V5EMR2_PHOLE,EC:5.6.2.1/0.0023
tr|V5WH45|V5WH45_9SPIO,EC:1.2.1.76/0.0000
tr|V6DLT5|V6DLT5_9LACO,EC:3.6.4.12/0.0026
tr|V7I1S4|V7I1S4_9CLOT,EC:7.2.1.1/0.0000
tr|V7I6J0|V7I6J0_9CLOT,EC:1.7.2.7/0.0000
tr|V9H2A5|V9H2A5_9CLOT,EC:5.6.1.7/0.9985
tr|W0F2C4|W0F2C4_9BACT,EC:3.1.1.3/0.0000
tr|W0FJJ4|W0FJJ4_9BACT,EC:1.97.1.2/0.0001
tr|W0FJK1|W0FJK1_9BACT,EC:1.5.1.23/0.0000
tr|W0FQ61|W0FQ61_9BACT,EC:3.6.5.3/0.2314
tr|W0J1Z1|W0J1Z1_9BACT,EC:3.2.1.23/0.0750
tr|W0REZ2|W0REZ2_9BACT,EC:1.1.99.22/0.0056
tr|W0RQC1|W0RQC1_9BACT,EC:1.1.99.30/0.0000
tr|W0RST4|W0RST4_9BACT,EC:2.7.8.40/0.0000
tr|W1N968|W1N968_9GAMM,EC:1.13.11.8/0.0000
tr|W2CCW6|W2CCW6_9BACT,EC:3.4.24.1/0.0000
tr|W2CK11|W2CK11_9BACT,EC:3.4.24.1/0.0000,EC:1.14.14.1/0.0000
tr|W2G1F8|W2G1F8_PHYNI,EC:2.4.1.198/0.0018
tr|W2KME0|W2KME0_PHYNI,EC:4.2.3.25/0.0004
tr|W2L0L2|W2L0L2_PHYNI,EC:3.6.4.6/0.0029
tr|W2L3G7|W2L3G7_PHYNI,EC:2.7.11.1/0.0001,EC:2.7.11.12/0.0001
tr|W2LNG5|W2LNG5_PHYNI,EC:3.2.2.22/0.0000
tr|W2MFK2|W2MFK2_PHYNI,EC:3.4.21.48/0.0021
tr|W2NEK5|W2NEK5_PHYNI,EC:2.7.13.3/0.0003
tr|W2NU56|W2NU56_PHYNI,EC:4.6.1.2/0.0174
tr|W2UQK8|W2UQK8_9FLAO,EC:3.6.1.9/0.0000
tr|W4B4Y3|W4B4Y3_9BACL,EC:5.3.4.1/0.0008,EC:3.2.2.22/0.0007
tr|W4D9B7|W4D9B7_9BACL,EC:3.1.1.85/0.0000
tr|W4LWG6|W4LWG6_ENTF1,EC:1.1.1.37/0.9805
tr|W4LXG6|W4LXG6_9BACT,EC:1.1.1.37/0.9846
tr|W4M898|W4M898_9BACT,EC:1.1.1.72/0.0000
tr|W4P5J8|W4P5J8_9BACE,EC:1.14.14.118/0.0000
tr|W4PKK4|W4PKK4_9BACE,EC:7.6.2.1/0.0000
tr|W4UPQ7|W4UPQ7_9BACE,EC:3.2.2.22/0.0255
tr|W4V5X5|W4V5X5_9FIRM,EC:1.2.1.12/0.9978
tr|W6M789|W6M789_9GAMM,EC:1.16.1.7/0.0014
tr|W6U0Y7|W6U0Y7_9SPHI,EC:1.1.1.243/0.0000,EC:1.14.14.37/0.0000,EC:3.4.24.1/0.0000
tr|W7KQA8|W7KQA8_CYTFI,EC:1.1.1.216/0.0001
tr|W7TAE0|W7TAE0_KUTS7,EC:3.2.1.3/0.0000
tr|W7XZ57|W7XZ57_9BACT,EC:2.4.2.31/0.0005
tr|W7YFX3|W7YFX3_9BACL,EC:3.4.11.5/0.0001,EC:1.1.1.216/0.0001
tr|W7YJ12|W7YJ12_9BACT,EC:3.6.4.12/0.0000,EC:1.14.19.29/0.0000
tr|W8EYH0|W8EYH0_9BACT,EC:3.4.21.12/0.0002
tr|W8QZ56|W8QZ56_STUST,EC:1.1.1.330/0.0007,EC:1.1.1.62/0.0004
tr|W8U908|W8U908_PEPAC,EC:3.2.2.22/0.0075
tr|W8YDQ5|W8YDQ5_BACTU,EC:3.4.21.95/0.0002
tr|W8ZLB9|W8ZLB9_9BACL,EC:3.2.1.96/0.0011,EC:3.2.1.14/0.0007,EC:3.2.1.200/0.0003,EC:2.4.1.19/0.0002
tr|W9H6W3|W9H6W3_9PROT,EC:3.1.3.1/0.0015,EC:3.2.2.22/0.0013
tr|W9NZ45|W9NZ45_FUSOX,EC:2.4.2.49/0.0019
tr|X0PB26|X0PB26_9LACO,EC:3.1.1.13/0.0007
tr|X0RFZ0|X0RFZ0_9ZZZZ,EC:3.4.24.40/0.0004
tr|X0S5R9|X0S5R9_9ZZZZ,EC:1.1.1.382/0.8675
tr|X0S989|X0S989_9ZZZZ,EC:1.15.1.2/0.9977
tr|X0SCD5|X0SCD5_9ZZZZ,EC:1.97.1.1/0.0000
tr|X0SDX9|X0SDX9_9ZZZZ,EC:1.1.5.2/0.0001,EC:1.4.9.1/0.0001,EC:2.1.1.86/0.0000
tr|X0SGC5|X0SGC5_9ZZZZ,EC:4.1.99.11/0.0015
tr|X0SU14|X0SU14_9ZZZZ,EC:4.2.2.17/0.0000
tr|X0T7S4|X0T7S4_9ZZZZ,EC:2.7.2.8/0.0001,EC:2.7.2.4/0.0001
tr|X0TRV5|X0TRV5_9ZZZZ,EC:7.1.2.2/0.9966,EC:7.2.2.1/0.9912
tr|X0UFW8|X0UFW8_9ZZZZ,EC:3.4.24.40/0.0000
tr|X0UKX3|X0UKX3_9ZZZZ,EC:3.2.2.22/0.0001
tr|X0UQK9|X0UQK9_9ZZZZ,EC:3.1.1.4/0.0011,EC:3.1.3.48/0.0009
tr|X0VC43|X0VC43_9ZZZZ,EC:2.1.1.86/0.0001
tr|X0W391|X0W391_9ZZZZ,EC:1.7.2.7/0.0003
tr|X0W5R9|X0W5R9_9ZZZZ,EC:2.7.7.67/0.0000,EC:1.3.1.105/0.0000
tr|X0W649|X0W649_9ZZZZ,EC:4.2.2.3/0.0002
tr|X0YL97|X0YL97_9ZZZZ,EC:3.2.2.22/0.0047
tr|X0YSG8|X0YSG8_9ZZZZ,EC:2.7.10.1/0.0156
tr|X0ZLF6|X0ZLF6_9ZZZZ,EC:3.1.1.4/0.0144,EC:3.1.1.32/0.0103
tr|X0ZSC7|X0ZSC7_9ZZZZ,EC:2.1.2.11/0.9728
tr|X1AGG7|X1AGG7_9ZZZZ,EC:2.4.1.198/0.0000
tr|X1C114|X1C114_9ZZZZ,EC:2.7.11.1/0.0002,EC:5.3.99.3/0.0002
tr|X1C6G6|X1C6G6_9ZZZZ,EC:4.2.1.149/0.0401
tr|X1CMG3|X1CMG3_9ZZZZ,EC:3.2.2.22/0.1438
tr|X1CSY9|X1CSY9_9ZZZZ,EC:3.2.2.22/0.0756
tr|X1DY61|X1DY61_9ZZZZ,EC:1.1.99.24/0.0000,EC:1.2.1.31/0.0000
tr|X1E1K7|X1E1K7_9ZZZZ,EC:2.1.1.318/0.0000
tr|X1EVA4|X1EVA4_9ZZZZ,EC:3.1.4.12/0.0022
tr|X1EXY1|X1EXY1_9ZZZZ,EC:1.4.3.2/0.0011,EC:2.5.1.18/0.0010
tr|X1FB49|X1FB49_9ZZZZ,EC:1.14.13.7/0.0004
tr|X1FG20|X1FG20_9ZZZZ,EC:3.4.21.32/0.0001
tr|X1FW71|X1FW71_9ZZZZ,EC:2.7.7.6/0.0332
tr|X1GVL1|X1GVL1_9ZZZZ,EC:3.2.1.55/0.0008
tr|X1H6E6|X1H6E6_9ZZZZ,EC:4.1.99.11/0.0023
tr|X1HJF2|X1HJF2_9ZZZZ,EC:5.2.1.8/0.0001
tr|X1HQ47|X1HQ47_9ZZZZ,EC:3.2.2.22/0.0281
tr|X1I827|X1I827_9ZZZZ,EC:1.4.9.1/0.0001
tr|X1J6B9|X1J6B9_9ZZZZ,EC:3.1.1.107/0.0007
tr|X1KFP0|X1KFP0_9ZZZZ,EC:3.2.1.4/0.0001
tr|X1KHK2|X1KHK2_9ZZZZ,EC:2.3.1.16/0.0069
tr|X1KKM0|X1KKM0_9ZZZZ,EC:3.4.11.15/0.0001,EC:1.1.1.29/0.0000
tr|X1KT70|X1KT70_9ZZZZ,EC:4.1.2.61/0.0009
tr|X1L5K9|X1L5K9_9ZZZZ,EC:1.2.99.8/0.0548
tr|X1LDG2|X1LDG2_9ZZZZ,EC:2.1.1.104/0.0000
tr|X1LHN1|X1LHN1_9ZZZZ,EC:5.4.99.4/0.0129
tr|X1LM53|X1LM53_9ZZZZ,EC:3.4.21.62/0.0046
tr|X1ME48|X1ME48_9ZZZZ,EC:3.2.1.55/0.0004,EC:3.2.1.4/0.0003
tr|X1MNW3|X1MNW3_9ZZZZ,EC:3.2.1.4/0.0001
tr|X1MP29|X1MP29_9ZZZZ,EC:4.2.1.55/0.9465
tr|X1MSU6|X1MSU6_9ZZZZ,EC:1.3.7.8/0.0000,EC:1.3.99.n1/0.0000
tr|X1N1L6|X1N1L6_9ZZZZ,EC:2.7.7.6/0.0000
tr|X1N3Y2|X1N3Y2_9ZZZZ,EC:1.17.1.5/0.2208
tr|X1N5F4|X1N5F4_9ZZZZ,EC:4.2.1.150/0.9704
tr|X1NGQ5|X1NGQ5_9ZZZZ,EC:4.2.2.17/0.0001
tr|X1QQX8|X1QQX8_9ZZZZ,EC:1.3.1.97/0.0005
tr|X1QW30|X1QW30_9ZZZZ,EC:6.4.1.6/0.0000
tr|X1RB81|X1RB81_9ZZZZ,EC:2.4.1.5/0.0002
tr|X1SEN9|X1SEN9_9ZZZZ,EC:3.4.24.40/0.0000
tr|X1T1P6|X1T1P6_9ZZZZ,EC:4.1.1.46/0.0040
tr|X1TF24|X1TF24_9ZZZZ,EC:3.2.1.1/0.0008,EC:3.4.24.1/0.0006
tr|X1TGL9|X1TGL9_9ZZZZ,EC:4.2.2.17/0.0209
tr|X1TPB7|X1TPB7_9ZZZZ,EC:3.2.1.55/0.0000
tr|X1TT20|X1TT20_9ZZZZ,EC:4.2.2.1/0.0000,EC:4.1.99.11/0.0000
tr|X1TXK2|X1TXK2_9ZZZZ,EC:3.1.21.4/0.0385
tr|X1TXS3|X1TXS3_9ZZZZ,EC:2.1.1.170/0.0000,EC:2.7.7.6/0.0000
tr|X1UXZ2|X1UXZ2_9ZZZZ,EC:2.7.10.1/0.0042
tr|X1V2W2|X1V2W2_9ZZZZ,EC:3.2.2.22/0.0004,EC:4.6.1.23/0.0004
tr|X1V848|X1V848_9ZZZZ,EC:1.8.7.3/0.0001,EC:1.12.1.2/0.0000
tr|X1V8T8|X1V8T8_9ZZZZ,EC:3.4.24.18/0.0000
tr|X1VA59|X1VA59_9ZZZZ,EC:4.2.2.17/0.0000
tr|X1VJ43|X1VJ43_9ZZZZ,EC:4.2.2.3/0.0020
tr|X2CV80|X2CV80_EHRRU,EC:1.14.11.16/0.0008
tr|X4ZSR1|X4ZSR1_9BACL,EC:1.1.1.216/0.0003
tr|X5D7Q4|X5D7Q4_9BACT,EC:1.2.5.3/0.0000
tr|X5D8M4|X5D8M4_9BACT,EC:1.2.5.3/0.0002
tr|X5DBG4|X5DBG4_9BACT,EC:2.4.1.198/0.0000,EC:2.7.11.2/0.0000
tr|X5DCQ1|X5DCQ1_9BACT,EC:3.1.1.73/0.0000
tr|X5DDM1|X5DDM1_9BACT,EC:1.2.1.28/0.0000,EC:1.16.1.9/0.0000
tr|X5DZ82|X5DZ82_9BACT,EC:4.2.2.12/0.0001
